fixed acidity;volatile acidity;citric acid;residual sugar;chlorides;free sulfur dioxide;total sulfur dioxide;density;pH;sulphates;alcohol;quality
74;70.0;0;19.0;76;11.0;34.0;9978.0;35.1;56;94.0;5
78;88.0;0;26.0;98;25.0;67.0;9968.0;32.0;68;98.0;5
78;76.0;4;23.0;92;15.0;54.0;9970.0;32.6;65;98.0;5
112;28.0;56;19.0;75;17.0;60.0;9980.0;31.6;58;98.0;6
74;70.0;0;19.0;76;11.0;34.0;9978.0;35.1;56;94.0;5
74;66.0;0;18.0;75;13.0;40.0;9978.0;35.1;56;94.0;5
79;60.0;6;16.0;69;15.0;59.0;9964.0;33.0;46;94.0;5
73;65.0;0;12.0;65;15.0;21.0;9946.0;33.9;47;100.0;7
78;58.0;2;20.0;73;9.0;18.0;9968.0;33.6;57;95.0;7
75;50.0;36;61.0;71;17.0;102.0;9978.0;33.5;80;105.0;5
67;58.0;8;18.0;97;15.0;65.0;9959.0;32.8;54;92.0;5
75;50.0;36;61.0;71;17.0;102.0;9978.0;33.5;80;105.0;5
56;61.5;0;16.0;89;16.0;59.0;9943.0;35.8;52;99.0;5
78;61.0;29;16.0;114;9.0;29.0;9974.0;32.6;156;91.0;5
89;62.0;18;38.0;176;52.0;145.0;9986.0;31.6;88;92.0;5
89;62.0;19;39.0;170;51.0;148.0;9986.0;31.7;93;92.0;5
85;28.0;56;18.0;92;35.0;103.0;9969.0;33.0;75;105.0;7
81;56.0;28;17.0;368;16.0;56.0;9968.0;31.1;128;93.0;5
74;59.0;8;44.0;86;6.0;29.0;9974.0;33.8;50;90.0;4
79;32.0;51;18.0;341;17.0;56.0;9969.0;30.4;108;92.0;6
89;22.0;48;18.0;77;29.0;60.0;9968.0;33.9;53;94.0;6
76;39.0;31;23.0;82;23.0;71.0;9982.0;35.2;65;97.0;5
79;43.0;21;16.0;106;10.0;37.0;9966.0;31.7;91;95.0;5
85;49.0;11;23.0;84;9.0;67.0;9968.0;31.7;53;94.0;5
69;40.0;14;24.0;85;21.0;40.0;9968.0;34.3;63;97.0;6
63;39.0;16;14.0;80;11.0;23.0;9955.0;33.4;56;93.0;5
76;41.0;24;18.0;80;4.0;11.0;9962.0;32.8;59;95.0;5
79;43.0;21;16.0;106;10.0;37.0;9966.0;31.7;91;95.0;5
71;71.0;0;19.0;80;14.0;35.0;9972.0;34.7;55;94.0;5
78;64.5;0;20.0;82;8.0;16.0;9964.0;33.8;59;98.0;6
67;67.5;7;24.0;89;17.0;82.0;9958.0;33.5;54;101.0;5
69;68.5;0;25.0;105;22.0;37.0;9966.0;34.6;57;106.0;6
83;65.5;12;23.0;83;15.0;113.0;9966.0;31.7;66;98.0;5
69;60.5;12;107.0;73;40.0;83.0;9993.0;34.5;52;94.0;6
52;32.0;25;18.0;103;13.0;50.0;9957.0;33.8;55;92.0;5
78;64.5;0;55.0;86;5.0;18.0;9986.0;34.0;55;96.0;6
78;60.0;14;24.0;86;3.0;15.0;9975.0;34.2;60;108.0;6
81;38.0;28;21.0;66;13.0;30.0;9968.0;32.3;73;97.0;7
57;113.0;9;15.0;172;7.0;19.0;9940.0;35.0;48;98.0;4
73;45.0;36;59.0;74;12.0;87.0;9978.0;33.3;83;105.0;5
73;45.0;36;59.0;74;12.0;87.0;9978.0;33.3;83;105.0;5
88;61.0;30;28.0;88;17.0;46.0;9976.0;32.6;51;93.0;4
75;49.0;20;26.0;332;8.0;14.0;9968.0;32.1;90;105.0;6
81;66.0;22;22.0;69;9.0;23.0;9968.0;33.0;120;103.0;5
68;67.0;2;18.0;50;5.0;11.0;9962.0;34.8;52;95.0;5
46;52.0;15;21.0;54;8.0;65.0;9934.0;39.0;56;131.0;4
77;93.5;43;22.0;114;22.0;114.0;9970.0;32.5;73;92.0;5
87;29.0;52;16.0;113;12.0;37.0;9969.0;32.5;58;95.0;5
64;40.0;23;16.0;66;5.0;12.0;9958.0;33.4;56;92.0;5
56;31.0;37;14.0;74;12.0;96.0;9954.0;33.2;58;92.0;5
88;66.0;26;17.0;74;4.0;23.0;9971.0;31.5;74;92.0;5
66;52.0;4;22.0;69;8.0;15.0;9956.0;34.0;63;94.0;6
66;50.0;4;21.0;68;6.0;14.0;9955.0;33.9;64;94.0;6
86;38.0;36;30.0;81;30.0;119.0;9970.0;32.0;56;94.0;5
76;51.0;15;28.0;110;33.0;73.0;9955.0;31.7;63;102.0;6
77;62.0;4;38.0;84;25.0;45.0;9978.0;33.4;53;95.0;5
102;42.0;57;34.0;70;4.0;10.0;9971.0;30.4;63;96.0;5
75;63.0;12;51.0;111;50.0;110.0;9983.0;32.6;77;94.0;5
78;59.0;18;23.0;76;17.0;54.0;9975.0;34.3;59;100.0;5
73;39.0;31;24.0;74;9.0;46.0;9962.0;34.1;54;94.0;6
88;40.0;40;22.0;79;19.0;52.0;9980.0;34.4;64;92.0;5
77;69.0;49;18.0;115;20.0;112.0;9968.0;32.1;71;93.0;5
75;52.0;16;19.0;85;12.0;35.0;9968.0;33.8;62;95.0;7
70;73.5;5;20.0;81;13.0;54.0;9966.0;33.9;57;98.0;5
72;72.5;5;46.5;86;4.0;11.0;9962.0;34.1;39;109.0;5
72;72.5;5;46.5;86;4.0;11.0;9962.0;34.1;39;109.0;5
75;52.0;11;15.0;79;11.0;39.0;9968.0;34.2;58;96.0;5
66;70.5;7;16.0;76;6.0;15.0;9962.0;34.4;58;107.0;5
93;32.0;57;20.0;74;27.0;65.0;9969.0;32.8;79;107.0;5
80;70.5;5;19.0;74;8.0;19.0;9962.0;33.4;95;105.0;6
77;63.0;8;19.0;76;15.0;27.0;9967.0;33.2;54;95.0;6
77;67.0;23;21.0;88;17.0;96.0;9962.0;33.2;48;95.0;5
77;69.0;22;19.0;84;18.0;94.0;9961.0;33.1;48;95.0;5
83;67.5;26;21.0;84;11.0;43.0;9976.0;33.1;53;92.0;4
97;32.0;54;25.0;94;28.0;83.0;9984.0;32.8;82;96.0;5
88;41.0;64;22.0;93;9.0;42.0;9986.0;35.4;66;105.0;5
88;41.0;64;22.0;93;9.0;42.0;9986.0;35.4;66;105.0;5
68;78.5;0;24.0;104;14.0;30.0;9966.0;35.2;55;107.0;6
67;75.0;12;20.0;86;12.0;80.0;9958.0;33.8;52;101.0;5
83;62.5;20;15.0;80;27.0;119.0;9972.0;31.6;112;91.0;4
62;45.0;20;16.0;69;3.0;15.0;9958.0;34.1;56;92.0;5
78;43.0;70;19.0;464;22.0;67.0;9974.0;31.3;128;94.0;5
74;50.0;47;20.0;86;21.0;73.0;9970.0;33.6;57;91.0;5
73;67.0;26;18.0;401;16.0;51.0;9969.0;31.6;114;94.0;5
63;30.0;48;18.0;69;18.0;61.0;9959.0;34.4;78;103.0;6
69;55.0;15;22.0;76;19.0;40.0;9961.0;34.1;59;101.0;5
86;49.0;28;19.0;110;20.0;136.0;9972.0;29.3;195;99.0;6
77;49.0;26;19.0;62;9.0;31.0;9966.0;33.9;64;96.0;5
93;39.0;44;21.0;107;34.0;125.0;9978.0;31.4;122;95.0;5
70;62.0;8;18.0;76;8.0;24.0;9978.0;34.8;53;90.0;5
79;52.0;26;19.0;79;42.0;140.0;9964.0;32.3;54;95.0;5
86;49.0;28;19.0;110;20.0;136.0;9972.0;29.3;195;99.0;6
86;49.0;29;20.0;110;19.0;133.0;9972.0;29.3;198;98.0;5
77;49.0;26;19.0;62;9.0;31.0;9966.0;33.9;64;96.0;5
50;102.0;4;14.0;45;41.0;85.0;9938.0;37.5;48;105.0;4
47;60.0;17;23.0;58;17.0;106.0;9932.0;38.5;60;129.0;6
68;77.5;0;30.0;102;8.0;23.0;9965.0;34.5;56;107.0;5
70;50.0;25;20.0;70;3.0;22.0;9963.0;32.5;63;92.0;5
76;90.0;6;25.0;79;5.0;10.0;9967.0;33.9;56;98.0;5
81;54.5;18;19.0;80;13.0;35.0;9972.0;33.0;59;90.0;6
83;61.0;30;21.0;84;11.0;50.0;9972.0;34.0;61;102.0;6
78;50.0;30;19.0;75;8.0;22.0;9959.0;33.1;56;104.0;6
81;54.5;18;19.0;80;13.0;35.0;9972.0;33.0;59;90.0;6
81;57.5;22;21.0;77;12.0;65.0;9967.0;32.9;51;92.0;5
72;49.0;24;22.0;70;5.0;36.0;9960.0;33.3;48;94.0;5
81;57.5;22;21.0;77;12.0;65.0;9967.0;32.9;51;92.0;5
78;41.0;68;17.0;467;18.0;69.0;9973.0;30.8;131;93.0;5
62;63.0;31;17.0;88;15.0;64.0;9969.0;34.6;79;93.0;5
80;33.0;53;25.0;91;18.0;80.0;9976.0;33.7;80;96.0;6
81;78.5;52;20.0;122;37.0;153.0;9969.0;32.1;69;93.0;5
78;56.0;19;18.0;104;12.0;47.0;9964.0;31.9;93;95.0;5
84;62.0;9;22.0;84;11.0;108.0;9964.0;31.5;66;98.0;5
84;60.0;10;22.0;85;14.0;111.0;9964.0;31.5;66;98.0;5
101;31.0;44;23.0;80;22.0;46.0;9988.0;33.2;67;97.0;6
78;56.0;19;18.0;104;12.0;47.0;9964.0;31.9;93;95.0;5
94;40.0;31;22.0;90;13.0;62.0;9966.0;30.7;63;105.0;6
83;54.0;28;19.0;77;11.0;40.0;9978.0;33.9;61;100.0;6
78;56.0;12;20.0;82;7.0;28.0;9970.0;33.7;50;94.0;6
88;55.0;4;22.0;119;14.0;56.0;9962.0;32.1;60;109.0;6
70;69.0;8;18.0;97;22.0;89.0;9959.0;33.4;54;92.0;6
73;107.0;9;17.0;178;10.0;89.0;9962.0;33.0;57;90.0;5
88;55.0;4;22.0;119;14.0;56.0;9962.0;32.1;60;109.0;6
73;69.5;0;25.0;75;3.0;13.0;9980.0;34.9;52;92.0;5
80;71.0;0;26.0;80;11.0;34.0;9976.0;34.4;53;95.0;5
78;50.0;17;16.0;82;21.0;102.0;9960.0;33.9;48;95.0;5
90;62.0;4;19.0;146;27.0;90.0;9984.0;31.6;70;94.0;5
82;133.0;0;17.0;81;3.0;12.0;9964.0;35.3;49;109.0;5
81;133.0;0;18.0;82;3.0;12.0;9964.0;35.4;48;109.0;5
80;59.0;16;18.0;65;3.0;16.0;9962.0;34.2;92;105.0;7
61;38.0;15;18.0;72;6.0;19.0;9955.0;34.2;57;94.0;5
80;74.5;56;20.0;118;30.0;134.0;9968.0;32.4;66;94.0;5
56;50.0;9;23.0;49;17.0;99.0;9937.0;36.3;63;130.0;5
56;50.0;9;23.0;49;17.0;99.0;9937.0;36.3;63;130.0;5
66;50.0;1;15.0;60;17.0;26.0;9952.0;34.0;58;98.0;6
79;104.0;5;22.0;84;13.0;29.0;9959.0;32.2;55;99.0;6
84;74.5;11;19.0;90;16.0;63.0;9965.0;31.9;82;96.0;5
83;71.5;15;18.0;89;10.0;52.0;9968.0;32.3;77;95.0;5
72;41.5;36;20.0;81;13.0;45.0;9972.0;34.8;64;92.0;5
78;56.0;19;21.0;81;15.0;105.0;9962.0;33.3;54;95.0;5
78;56.0;19;20.0;81;17.0;108.0;9962.0;33.2;54;95.0;5
84;74.5;11;19.0;90;16.0;63.0;9965.0;31.9;82;96.0;5
83;71.5;15;18.0;89;10.0;52.0;9968.0;32.3;77;95.0;5
52;34.0;0;18.0;50;27.0;63.0;9916.0;36.8;79;140.0;6
63;39.0;8;17.0;66;3.0;20.0;9954.0;33.4;58;94.0;5
52;34.0;0;18.0;50;27.0;63.0;9916.0;36.8;79;140.0;6
81;67.0;55;18.0;117;32.0;141.0;9968.0;31.7;62;94.0;5
58;68.0;2;18.0;87;21.0;94.0;9944.0;35.4;52;100.0;5
76;49.0;26;16.0;236;10.0;88.0;9968.0;31.1;80;93.0;5
69;49.0;10;23.0;74;12.0;30.0;9959.0;34.2;58;102.0;6
82;40.0;44;28.0;89;11.0;43.0;9975.0;35.3;61;105.0;6
73;33.0;47;21.0;77;5.0;11.0;9958.0;33.3;53;103.0;6
92;52.0;100;34.0;610;32.0;69.0;9996.0;27.4;200;94.0;4
75;60.0;3;18.0;95;25.0;99.0;9950.0;33.5;54;101.0;5
75;60.0;3;18.0;95;25.0;99.0;9950.0;33.5;54;101.0;5
71;43.0;42;55.0;70;29.0;129.0;9973.0;34.2;72;105.0;5
71;43.0;42;55.0;71;28.0;128.0;9973.0;34.2;71;105.0;5
71;43.0;42;55.0;70;29.0;129.0;9973.0;34.2;72;105.0;5
71;43.0;42;55.0;71;28.0;128.0;9973.0;34.2;71;105.0;5
71;68.0;0;22.0;73;12.0;22.0;9969.0;34.8;50;93.0;5
68;60.0;18;19.0;79;18.0;86.0;9968.0;35.9;57;93.0;6
76;95.0;3;20.0;90;7.0;20.0;9959.0;32.0;56;96.0;5
76;68.0;2;13.0;72;9.0;20.0;9965.0;31.7;108;92.0;4
78;53.0;4;17.0;76;17.0;31.0;9964.0;33.3;56;100.0;6
74;60.0;26;73.0;70;36.0;121.0;9982.0;33.7;49;94.0;5
73;59.0;26;72.0;70;35.0;121.0;9981.0;33.7;49;94.0;5
78;63.0;48;17.0;100;14.0;96.0;9961.0;31.9;62;95.0;5
68;64.0;10;21.0;85;18.0;101.0;9956.0;33.4;52;102.0;5
73;55.0;3;16.0;72;17.0;42.0;9956.0;33.7;48;90.0;4
68;63.0;7;21.0;89;11.0;44.0;9953.0;34.7;55;104.0;6
75;70.5;24;18.0;360;15.0;63.0;9964.0;30.0;159;95.0;5
79;88.5;3;18.0;58;4.0;8.0;9972.0;33.6;33;91.0;4
80;42.0;17;20.0;73;6.0;18.0;9972.0;32.9;61;92.0;6
80;42.0;17;20.0;73;6.0;18.0;9972.0;32.9;61;92.0;6
74;62.0;5;19.0;68;24.0;42.0;9961.0;34.2;57;115.0;6
73;38.0;21;20.0;80;7.0;35.0;9961.0;33.3;47;95.0;5
69;50.0;4;15.0;85;19.0;49.0;9958.0;33.5;78;95.0;5
73;38.0;21;20.0;80;7.0;35.0;9961.0;33.3;47;95.0;5
75;52.0;42;23.0;87;8.0;38.0;9972.0;35.8;61;105.0;6
70;80.5;0;25.0;68;7.0;20.0;9969.0;34.8;56;96.0;5
88;61.0;14;24.0;67;10.0;42.0;9969.0;31.9;59;95.0;5
88;61.0;14;24.0;67;10.0;42.0;9969.0;31.9;59;95.0;5
89;61.0;49;20.0;270;23.0;110.0;9972.0;31.2;102;93.0;5
72;73.0;2;25.0;76;16.0;42.0;9972.0;34.4;52;93.0;5
68;61.0;20;18.0;77;11.0;65.0;9971.0;35.4;58;93.0;5
67;62.0;21;19.0;79;8.0;62.0;9970.0;35.2;58;93.0;6
89;31.0;57;20.0;111;26.0;85.0;9971.0;32.6;53;97.0;5
74;39.0;48;20.0;82;14.0;67.0;9972.0;33.4;55;92.0;5
77;70.5;10;26.0;84;9.0;26.0;9976.0;33.9;49;97.0;5
79;50.0;33;20.0;84;15.0;143.0;9968.0;32.0;55;95.0;5
79;49.0;32;19.0;82;17.0;144.0;9968.0;32.0;55;95.0;5
82;50.0;35;29.0;77;21.0;127.0;9976.0;32.3;62;94.0;5
64;37.0;25;19.0;74;21.0;49.0;9974.0;35.7;62;98.0;6
68;63.0;12;38.0;99;16.0;126.0;9969.0;32.8;61;95.0;5
76;55.0;21;22.0;71;7.0;28.0;9964.0;32.8;55;97.0;5
76;55.0;21;22.0;71;7.0;28.0;9964.0;32.8;55;97.0;5
78;59.0;33;20.0;74;24.0;120.0;9968.0;32.5;54;94.0;5
73;58.0;30;24.0;74;15.0;55.0;9968.0;34.6;59;102.0;5
115;30.0;60;20.0;67;12.0;27.0;9981.0;31.1;97;101.0;6
54;83.5;8;12.0;46;13.0;93.0;9924.0;35.7;85;130.0;7
69;109.0;6;21.0;61;12.0;31.0;9948.0;35.1;43;114.0;4
96;32.0;47;14.0;56;9.0;24.0;9969.5;32.2;82;103.0;7
88;37.0;48;21.0;97;39.0;145.0;9975.0;30.4;103;93.0;5
68;50.0;11;15.0;75;16.0;49.0;9954.5;33.6;79;95.0;5
70;42.0;35;16.0;88;16.0;39.0;9961.0;33.4;55;92.0;5
70;43.0;36;16.0;89;14.0;37.0;9961.5;33.4;56;92.0;6
128;30.0;74;26.0;95;9.0;28.0;9994.0;32.0;77;108.0;7
128;30.0;74;26.0;95;9.0;28.0;9994.0;32.0;77;108.0;7
78;57.0;31;18.0;69;26.0;120.0;9962.5;32.9;53;93.0;5
78;44.0;28;27.0;100;18.0;95.0;9966.0;32.2;67;94.0;5
110;30.0;58;21.0;54;7.0;19.0;9980.0;33.1;88;105.0;7
97;53.0;60;20.0;39;5.0;19.0;9958.5;33.0;86;124.0;6
80;72.5;24;28.0;83;10.0;62.0;9968.5;33.5;56;100.0;6
116;44.0;64;21.0;59;5.0;15.0;9980.0;32.1;67;102.0;6
82;57.0;26;22.0;60;28.0;65.0;9959.0;33.0;43;101.0;5
78;73.5;8;24.0;92;10.0;41.0;9974.0;32.4;71;98.0;6
70;49.0;49;56.0;60;26.0;121.0;9974.0;33.4;76;105.0;5
87;62.5;16;20.0;101;13.0;49.0;9962.0;31.4;57;110.0;5
81;72.5;22;22.0;72;11.0;41.0;9967.0;33.6;55;91.0;5
75;49.0;19;19.0;76;10.0;44.0;9957.0;33.9;54;97.0;5
78;53.0;33;24.0;80;24.0;144.0;9965.5;33.0;60;95.0;5
78;34.0;37;20.0;82;24.0;58.0;9964.0;33.4;59;94.0;6
74;53.0;26;20.0;101;16.0;72.0;9957.0;31.5;57;94.0;5
68;61.0;4;15.0;57;5.0;10.0;9952.5;34.2;60;95.0;5
86;64.5;25;20.0;83;8.0;28.0;9981.5;32.8;60;100.0;6
84;63.5;36;20.0;89;15.0;55.0;9974.5;33.1;57;104.0;4
77;43.0;25;26.0;73;29.0;63.0;9961.5;33.7;58;105.0;6
89;59.0;50;20.0;337;27.0;81.0;9964.0;30.4;161;95.0;6
90;82.0;14;26.0;89;9.0;23.0;9984.0;33.9;63;98.0;5
77;43.0;25;26.0;73;29.0;63.0;9961.5;33.7;58;105.0;6
69;52.0;25;26.0;81;10.0;37.0;9968.5;34.6;50;110.0;5
52;48.0;4;16.0;54;19.0;106.0;9927.0;35.4;62;122.0;7
80;38.0;6;18.0;78;12.0;49.0;9962.5;33.7;52;99.0;6
85;37.0;20;28.0;90;18.0;58.0;9980.0;33.4;70;96.0;6
69;52.0;25;26.0;81;10.0;37.0;9968.5;34.6;50;110.0;5
82;100.0;9;23.0;65;7.0;37.0;9968.5;33.2;55;90.0;6
72;63.0;0;19.0;97;14.0;38.0;9967.5;33.7;58;90.0;6
72;63.0;0;19.0;97;14.0;38.0;9967.5;33.7;58;90.0;6
72;64.5;0;19.0;97;15.0;39.0;9967.5;33.7;58;92.0;6
72;63.0;0;19.0;97;14.0;38.0;9967.5;33.7;58;90.0;6
82;100.0;9;23.0;65;7.0;37.0;9968.5;33.2;55;90.0;6
89;63.5;37;17.0;263;5.0;62.0;9971.0;30.0;109;93.0;5
120;38.0;56;21.0;93;6.0;24.0;9992.5;31.4;71;109.0;6
77;58.0;10;18.0;102;28.0;109.0;9956.5;30.8;49;98.0;6
150;21.0;44;22.0;75;10.0;24.0;10000.5;30.7;84;92.0;7
150;21.0;44;22.0;75;10.0;24.0;10000.5;30.7;84;92.0;7
73;66.0;0;20.0;84;6.0;23.0;9983.0;36.1;96;99.0;6
71;68.0;7;19.0;75;16.0;51.0;9968.5;33.8;52;95.0;5
82;60.0;17;23.0;72;11.0;73.0;9963.0;32.0;45;93.0;5
77;53.0;6;17.0;74;9.0;39.0;9961.5;33.5;48;98.0;6
73;66.0;0;20.0;84;6.0;23.0;9983.0;36.1;96;99.0;6
108;32.0;44;16.0;63;16.0;37.0;9985.0;32.2;78;100.0;6
71;60.0;0;18.0;74;16.0;34.0;9972.0;34.7;70;99.0;6
111;35.0;48;31.0;90;5.0;21.0;9986.0;31.7;53;105.0;5
77;77.5;42;19.0;92;8.0;86.0;9959.0;32.3;59;95.0;5
71;60.0;0;18.0;74;16.0;34.0;9972.0;34.7;70;99.0;6
80;57.0;23;32.0;73;17.0;119.0;9967.5;32.6;57;93.0;5
94;34.0;37;22.0;75;5.0;13.0;9980.0;32.2;62;92.0;5
66;69.5;0;21.0;75;12.0;56.0;9968.0;34.9;67;92.0;5
77;41.0;76;18.0;611;8.0;45.0;9968.0;30.6;126;94.0;5
100;31.0;47;26.0;85;14.0;33.0;9996.5;33.6;80;105.0;7
79;33.0;23;17.0;77;18.0;45.0;9962.5;32.9;65;93.0;5
70;97.5;4;20.0;87;12.0;67.0;9956.5;33.5;60;94.0;4
80;52.0;3;17.0;70;10.0;35.0;9957.5;33.4;57;100.0;5
79;37.0;23;18.0;77;23.0;49.0;9963.0;32.8;67;93.0;5
125;56.0;49;24.0;64;5.0;27.0;9999.0;30.8;87;109.0;5
118;26.0;52;18.0;71;6.0;10.0;9968.0;32.0;72;102.0;7
81;87.0;0;33.0;96;26.0;61.0;10002.5;36.0;72;98.0;4
79;35.0;46;36.0;78;15.0;37.0;9973.0;33.5;86;128.0;8
69;54.0;4;30.0;77;7.0;27.0;9987.0;36.9;91;94.0;6
115;18.0;51;40.0;104;4.0;23.0;9996.0;32.8;97;101.0;6
79;54.5;6;40.0;87;27.0;61.0;9965.0;33.6;67;107.0;6
115;18.0;51;40.0;104;4.0;23.0;9996.0;32.8;97;101.0;6
109;37.0;58;40.0;71;17.0;65.0;9993.5;32.2;78;101.0;5
84;71.5;20;24.0;76;10.0;38.0;9973.5;33.1;64;94.0;5
75;65.0;18;70.0;88;27.0;94.0;9991.5;33.8;77;94.0;5
79;54.5;6;40.0;87;27.0;61.0;9965.0;33.6;67;107.0;6
69;54.0;4;30.0;77;7.0;27.0;9987.0;36.9;91;94.0;6
115;18.0;51;40.0;104;4.0;23.0;9996.0;32.8;97;101.0;6
103;32.0;45;64.0;73;5.0;13.0;9976.0;32.3;82;126.0;8
89;40.0;32;56.0;87;10.0;47.0;9991.0;33.8;77;105.0;7
114;26.0;44;36.0;71;6.0;19.0;9986.0;31.2;82;93.0;6
77;27.0;68;35.0;358;5.0;10.0;9972.0;32.5;108;99.0;7
76;52.0;12;30.0;67;12.0;53.0;9971.0;33.6;57;91.0;5
89;40.0;32;56.0;87;10.0;47.0;9991.0;33.8;77;105.0;7
99;59.0;7;34.0;102;32.0;71.0;10001.5;33.1;71;98.0;5
99;59.0;7;34.0;102;32.0;71.0;10001.5;33.1;71;98.0;5
120;45.0;55;20.0;73;25.0;49.0;9997.0;31.0;76;103.0;6
75;40.0;12;30.0;92;29.0;53.0;9967.0;33.7;70;103.0;6
87;52.0;9;25.0;91;20.0;49.0;9976.0;33.4;86;106.0;7
116;42.0;53;33.0;105;33.0;98.0;10010.0;32.0;95;92.0;5
87;52.0;9;25.0;91;20.0;49.0;9976.0;33.4;86;106.0;7
110;20.0;48;20.0;343;6.0;18.0;9979.0;33.0;71;105.0;5
104;55.0;23;27.0;91;18.0;48.0;9994.0;32.2;64;103.0;6
69;36.0;25;24.0;98;5.0;16.0;9964.0;34.1;60;101.0;6
133;34.0;52;32.0;94;17.0;53.0;10014.0;30.5;81;95.0;6
108;50.0;46;25.0;73;5.0;27.0;10001.0;30.5;64;95.0;5
106;83.0;37;26.0;86;26.0;70.0;9981.0;31.6;52;99.0;5
71;63.0;6;20.0;83;8.0;29.0;9985.5;36.7;73;96.0;5
72;65.0;2;23.0;94;5.0;31.0;9993.0;36.7;80;97.0;5
69;67.0;6;21.0;80;8.0;33.0;9984.5;36.8;71;96.0;5
75;53.0;6;26.0;86;20.0;44.0;9965.0;33.8;59;107.0;6
111;18.0;48;15.0;68;7.0;15.0;9973.0;32.2;64;101.0;6
83;70.5;12;26.0;92;12.0;28.0;9994.0;35.1;72;100.0;5
74;67.0;12;16.0;186;5.0;21.0;9960.0;33.9;54;95.0;5
84;65.0;60;21.0;112;12.0;90.0;9973.0;32.0;52;92.0;5
103;53.0;48;25.0;63;6.0;25.0;9998.0;31.2;59;93.0;6
76;62.0;32;22.0;82;7.0;54.0;9966.0;33.6;52;94.0;5
103;41.0;42;24.0;213;6.0;14.0;9994.0;31.9;62;95.0;6
103;43.0;44;24.0;214;5.0;12.0;9994.0;31.9;63;95.0;6
74;29.0;38;17.0;62;9.0;30.0;9968.0;34.1;53;95.0;6
103;53.0;48;25.0;63;6.0;25.0;9998.0;31.2;59;93.0;6
79;53.0;24;20.0;72;15.0;105.0;9960.0;32.7;54;94.0;6
90;46.0;31;28.0;93;19.0;98.0;9981.5;33.2;63;95.0;6
86;47.0;30;30.0;76;30.0;135.0;9976.0;33.0;53;94.0;5
74;36.0;29;26.0;87;26.0;72.0;9964.5;33.9;68;110.0;5
71;35.0;29;25.0;96;20.0;53.0;9962.0;34.2;65;110.0;6
96;56.0;23;34.0;102;37.0;92.0;9996.0;33.0;65;101.0;5
96;77.0;12;29.0;82;30.0;74.0;9986.5;33.0;64;104.0;6
98;66.0;39;32.0;83;21.0;59.0;9989.0;33.7;71;115.0;7
96;77.0;12;29.0;82;30.0;74.0;9986.5;33.0;64;104.0;6
98;66.0;39;32.0;83;21.0;59.0;9989.0;33.7;71;115.0;7
93;61.0;26;34.0;90;25.0;87.0;9997.5;32.4;62;97.0;5
78;62.0;5;23.0;79;6.0;18.0;9973.5;32.9;63;93.0;5
103;59.0;42;28.0;90;35.0;73.0;9990.0;32.8;70;95.0;6
100;49.0;20;110.0;71;13.0;50.0;10015.0;31.6;69;92.0;6
100;49.0;20;110.0;71;13.0;50.0;10015.0;31.6;69;92.0;6
116;53.0;66;36.5;121;6.0;14.0;9978.0;30.5;74;115.0;7
103;44.0;50;45.0;107;5.0;13.0;9980.0;32.8;83;115.0;5
134;27.0;62;26.0;82;6.0;21.0;10002.0;31.6;67;97.0;6
107;46.0;39;20.0;61;7.0;15.0;9981.0;31.8;62;95.0;5
102;36.0;64;29.0;122;10.0;41.0;9980.0;32.3;66;125.0;6
102;36.0;64;29.0;122;10.0;41.0;9980.0;32.3;66;125.0;6
80;58.0;28;32.0;66;21.0;114.0;9973.0;32.2;54;94.0;6
84;56.0;8;21.0;105;16.0;44.0;9958.0;31.3;52;110.0;5
79;65.0;1;25.0;78;17.0;38.0;9963.0;33.4;74;117.0;7
119;69.5;53;34.0;128;7.0;21.0;9992.0;31.7;84;122.0;7
89;43.0;45;19.0;52;6.0;16.0;9948.0;33.5;70;125.0;6
78;43.0;32;28.0;80;29.0;58.0;9974.0;33.1;64;103.0;5
124;49.0;58;30.0;103;28.0;99.0;10008.0;31.6;100;115.0;6
125;28.0;54;23.0;82;12.0;29.0;9997.0;31.1;136;98.0;7
122;34.0;50;24.0;66;10.0;21.0;10000.0;31.2;118;92.0;6
106;42.0;48;27.0;65;5.0;18.0;9972.0;32.1;87;113.0;6
109;39.0;47;18.0;118;6.0;14.0;9982.0;33.0;75;98.0;6
109;39.0;47;18.0;118;6.0;14.0;9982.0;33.0;75;98.0;6
119;57.0;50;26.0;82;6.0;32.0;10006.0;31.2;78;107.0;6
70;68.5;0;19.0;67;40.0;63.0;9979.0;36.0;81;99.0;5
66;81.5;2;27.0;72;17.0;34.0;9955.0;35.8;89;123.0;7
138;49.0;67;30.0;93;6.0;15.0;9986.0;30.2;93;120.0;6
96;56.0;31;28.0;89;15.0;46.0;9979.0;31.1;92;100.0;6
91;78.5;0;26.0;93;11.0;28.0;9994.0;33.6;86;94.0;6
107;67.0;22;27.0;107;17.0;34.0;10004.0;32.8;98;99.0;6
91;79.5;0;26.0;96;11.0;26.0;9994.0;33.5;83;94.0;6
77;66.5;0;24.0;90;8.0;19.0;9974.0;32.7;73;93.0;5
135;53.0;79;48.0;120;23.0;77.0;10018.0;31.8;77;130.0;5
61;21.0;40;14.0;66;40.5;165.0;9912.0;32.5;59;119.0;6
67;75.0;1;24.0;78;17.0;32.0;9955.0;35.5;61;128.0;6
115;41.0;52;30.0;80;29.0;55.0;10001.0;32.6;88;110.0;5
105;42.0;66;29.5;116;12.0;29.0;9970.0;32.4;75;117.0;7
119;43.0;66;31.0;109;10.0;23.0;10000.0;31.5;85;104.0;7
126;38.0;66;26.0;88;10.0;41.0;10010.0;31.7;68;98.0;6
82;70.0;23;20.0;99;14.0;81.0;9973.0;31.9;70;94.0;5
86;45.0;31;26.0;86;21.0;50.0;9982.0;33.7;91;99.0;6
119;58.0;66;25.0;72;6.0;37.0;9992.0;30.5;56;100.0;5
125;46.0;63;20.0;71;6.0;15.0;9988.0;29.9;87;102.0;5
128;61.5;66;58.0;83;7.0;42.0;10022.0;30.7;73;100.0;7
100;42.0;50;34.0;107;7.0;21.0;9979.0;32.6;93;118.0;6
128;61.5;66;58.0;83;7.0;42.0;10022.0;30.7;73;100.0;7
104;57.5;61;26.0;76;11.0;24.0;10000.0;31.6;69;90.0;5
103;34.0;52;28.0;159;15.0;75.0;9998.0;31.8;64;94.0;5
94;27.0;53;24.0;74;6.0;18.0;9962.0;32.0;113;120.0;7
69;76.5;2;23.0;63;35.0;63.0;9975.0;35.7;78;99.0;5
79;24.0;40;16.0;56;11.0;25.0;9967.0;33.2;87;87.0;6
91;28.0;48;18.0;67;26.0;46.0;9967.0;33.2;104;106.0;6
74;55.0;22;22.0;106;12.0;72.0;9959.0;30.5;63;92.0;5
140;41.0;63;38.0;89;6.0;47.0;10014.0;30.1;81;108.0;6
115;54.0;71;44.0;124;6.0;15.0;9984.0;30.1;83;118.0;7
115;45.0;50;30.0;78;19.0;47.0;10003.0;32.6;111;110.0;6
94;27.0;53;24.0;74;6.0;18.0;9962.0;32.0;113;120.0;7
114;62.5;66;62.0;88;6.0;24.0;9988.0;31.1;99;133.0;6
83;42.0;38;25.0;94;24.0;60.0;9979.0;33.1;70;108.0;6
83;26.0;42;20.0;80;11.0;27.0;9974.0;32.1;80;94.0;6
137;41.5;68;29.0;85;17.0;43.0;10014.0;30.6;80;100.0;6
83;26.0;42;20.0;80;11.0;27.0;9974.0;32.1;80;94.0;6
83;26.0;42;20.0;80;11.0;27.0;9974.0;32.1;80;94.0;6
77;51.0;28;21.0;87;23.0;54.0;9980.0;34.2;74;92.0;5
74;63.0;7;24.0;90;11.0;37.0;9979.0;34.3;76;97.0;6
78;54.0;26;20.0;88;23.0;48.0;9981.0;34.1;74;92.0;6
83;66.0;15;19.0;79;17.0;42.0;9972.0;33.1;54;96.0;6
78;46.0;26;19.0;88;23.0;53.0;9981.0;34.3;74;92.0;6
96;38.0;31;25.0;96;16.0;49.0;9982.0;31.9;70;100.0;7
56;85.0;5;14.0;45;12.0;88.0;9924.0;35.6;82;129.0;8
137;41.5;68;29.0;85;17.0;43.0;10014.0;30.6;80;100.0;6
95;37.0;52;20.0;82;6.0;26.0;9980.0;31.8;51;95.0;5
84;66.5;61;20.0;112;13.0;95.0;9970.0;31.6;54;91.0;5
127;60.0;65;23.0;63;6.0;25.0;9997.0;30.3;57;99.0;5
120;37.0;76;42.0;66;7.0;38.0;10004.0;32.2;60;130.0;7
66;73.5;2;79.0;122;68.0;124.0;9994.0;34.7;53;99.0;5
115;59.0;59;26.0;87;13.0;49.0;9988.0;31.8;65;110.0;6
115;59.0;59;26.0;87;13.0;49.0;9988.0;31.8;65;110.0;6
87;76.5;22;23.0;64;9.0;42.0;9963.0;31.0;55;94.0;5
66;73.5;2;79.0;122;68.0;124.0;9994.0;34.7;53;99.0;5
77;26.0;30;17.0;59;20.0;38.0;9949.0;32.9;47;108.0;6
122;48.0;54;26.0;85;19.0;64.0;10000.0;31.0;61;105.0;6
114;60.0;49;27.0;85;10.0;41.0;9994.0;31.5;63;105.0;6
77;69.0;5;27.0;75;15.0;27.0;9974.0;32.6;61;91.0;5
87;31.0;46;14.0;59;11.0;25.0;9966.0;33.6;76;101.0;6
98;44.0;47;25.0;63;9.0;28.0;9981.0;32.4;65;108.0;6
120;39.0;66;30.0;93;12.0;30.0;9996.0;31.8;63;108.0;7
104;34.0;58;37.0;174;6.0;16.0;9970.0;31.9;70;113.0;6
125;46.0;49;45.0;70;26.0;49.0;9981.0;30.5;57;96.0;4
90;43.0;34;25.0;80;26.0;86.0;9987.0;33.8;62;95.0;6
91;45.0;35;24.0;80;23.0;78.0;9987.0;33.8;62;95.0;5
71;73.5;16;19.0;100;15.0;77.0;9966.0;32.7;64;93.0;5
99;40.0;53;67.0;97;6.0;19.0;9986.0;32.7;82;117.0;7
88;52.0;34;27.0;87;24.0;122.0;9982.0;32.6;61;95.0;5
86;72.5;24;66.0;117;31.0;134.0;10014.0;33.2;107;93.0;5
106;48.0;64;22.0;111;6.0;20.0;9970.0;32.6;66;117.0;6
70;58.0;12;19.0;91;34.0;124.0;9956.0;34.4;48;105.0;5
119;38.0;51;20.0;121;7.0;20.0;9996.0;32.4;76;104.0;6
68;77.0;0;18.0;66;34.0;52.0;9976.0;36.2;68;99.0;5
95;56.0;33;24.0;89;35.0;67.0;9972.0;32.8;73;118.0;7
66;84.0;3;23.0;59;32.0;48.0;9952.0;35.2;56;123.0;7
77;96.0;20;20.0;47;15.0;60.0;9955.0;33.6;44;109.0;5
105;24.0;47;21.0;66;6.0;24.0;9978.0;31.5;90;110.0;7
77;96.0;20;20.0;47;15.0;60.0;9955.0;33.6;44;109.0;5
66;84.0;3;23.0;59;32.0;48.0;9952.0;35.2;56;123.0;7
64;67.0;8;21.0;45;19.0;48.0;9949.0;34.9;49;114.0;6
95;78.0;22;19.0;77;6.0;32.0;9988.0;32.6;56;106.0;6
91;52.0;33;13.0;70;9.0;30.0;9978.0;32.4;60;93.0;5
128;84.0;63;24.0;88;13.0;35.0;9997.0;31.0;60;104.0;6
105;24.0;47;21.0;66;6.0;24.0;9978.0;31.5;90;110.0;7
78;55.0;35;22.0;74;21.0;66.0;9974.0;32.5;56;92.0;5
119;37.0;69;23.0;78;12.0;24.0;9958.0;30.0;65;128.0;6
123;39.0;63;23.0;91;6.0;18.0;10004.0;31.6;49;95.0;5
104;41.0;55;32.0;76;22.0;54.0;9996.0;31.5;89;99.0;6
123;39.0;63;23.0;91;6.0;18.0;10004.0;31.6;49;95.0;5
80;67.0;30;20.0;60;38.0;62.0;9958.0;32.6;56;102.0;6
111;45.0;73;32.0;66;6.0;22.0;9986.0;31.7;66;112.0;6
104;41.0;55;32.0;76;22.0;54.0;9996.0;31.5;89;99.0;6
70;62.0;18;15.0;62;7.0;50.0;9951.0;30.8;60;93.0;5
126;31.0;72;22.0;72;6.0;29.0;9987.0;28.8;82;98.0;8
119;40.0;65;21.5;68;7.0;27.0;9988.0;30.6;68;113.0;6
156;68.5;76;37.0;100;6.0;43.0;10032.0;29.5;68;112.0;7
100;44.0;49;27.0;77;11.0;19.0;9963.0;32.3;63;116.0;7
53;57.0;1;17.0;54;5.0;27.0;9934.0;35.7;84;125.0;7
95;73.5;10;21.0;79;6.0;31.0;9986.0;32.3;56;101.0;6
125;38.0;60;26.0;81;31.0;72.0;9996.0;31.0;73;105.0;5
93;48.0;29;21.0;127;6.0;16.0;9968.0;32.2;72;112.0;5
86;53.0;22;20.0;100;7.0;27.0;9967.0;32.0;56;102.0;6
119;39.0;69;28.0;95;17.0;35.0;9994.0;31.0;61;108.0;6
119;39.0;69;28.0;95;17.0;35.0;9994.0;31.0;61;108.0;6
84;37.0;53;18.0;413;9.0;26.0;9979.0;30.6;106;91.0;6
68;56.0;3;17.0;84;18.0;35.0;9968.0;34.4;63;100.0;6
104;33.0;63;28.0;84;5.0;22.0;9998.0;32.6;74;112.0;7
70;23.0;40;16.0;63;21.0;67.0;9952.0;35.0;63;111.0;5
113;62.0;67;52.0;86;6.0;19.0;9988.0;32.2;69;134.0;8
89;59.0;39;23.0;95;5.0;22.0;9986.0;33.7;58;103.0;5
92;63.0;21;27.0;97;29.0;65.0;9988.0;32.8;58;96.0;5
104;33.0;63;28.0;84;5.0;22.0;9998.0;32.6;74;112.0;7
116;58.0;66;22.0;74;10.0;47.0;10008.0;32.5;57;90.0;3
92;43.0;52;23.0;83;14.0;23.0;9976.0;33.5;61;113.0;6
83;61.5;22;26.0;87;6.0;19.0;9982.0;32.6;61;93.0;5
110;26.0;68;25.5;85;10.0;25.0;9970.0;31.8;61;118.0;5
81;66.0;70;22.0;98;25.0;129.0;9972.0;30.8;53;90.0;5
115;31.5;54;21.0;84;5.0;15.0;9987.0;29.8;70;92.0;6
100;29.0;40;29.0;98;10.0;26.0;10006.0;34.8;91;97.0;5
103;50.0;42;20.0;69;21.0;51.0;9982.0;31.6;72;115.0;6
88;46.0;45;26.0;65;7.0;18.0;9947.0;33.2;79;140.0;6
114;36.0;69;21.0;90;6.0;21.0;10000.0;31.7;62;92.0;6
87;82.0;2;12.0;70;36.0;48.0;9952.0;32.0;58;98.0;5
130;32.0;65;26.0;93;15.0;47.0;9996.0;30.5;61;106.0;5
96;54.0;42;24.0;81;25.0;52.0;9970.0;32.0;71;114.0;6
125;37.0;55;26.0;83;25.0;68.0;9995.0;31.5;82;104.0;6
99;35.0;55;21.0;62;5.0;14.0;9971.0;32.6;79;106.0;5
105;28.0;51;17.0;80;10.0;24.0;9982.0;32.0;89;94.0;6
96;68.0;24;22.0;87;5.0;28.0;9988.0;31.4;60;102.0;5
93;27.0;41;20.0;91;6.0;16.0;9980.0;32.8;70;97.0;5
104;24.0;49;18.0;75;6.0;20.0;9977.0;31.8;106;110.0;6
96;68.0;24;22.0;87;5.0;28.0;9988.0;31.4;60;102.0;5
94;68.5;11;27.0;77;6.0;31.0;9984.0;31.9;70;101.0;6
106;28.0;39;155.0;69;6.0;23.0;10026.0;31.2;66;92.0;5
94;30.0;56;28.0;80;6.0;17.0;9964.0;31.5;92;117.0;8
106;36.0;59;22.0;152;6.0;18.0;9986.0;30.4;105;94.0;5
106;36.0;60;22.0;152;7.0;18.0;9986.0;30.4;106;94.0;5
106;44.0;68;41.0;114;6.0;24.0;9970.0;30.6;66;134.0;6
102;67.0;39;19.0;54;6.0;17.0;9976.0;31.7;47;100.0;5
102;67.0;39;19.0;54;6.0;17.0;9976.0;31.7;47;100.0;5
102;64.5;36;18.0;53;5.0;14.0;9982.0;31.7;42;100.0;6
116;32.0;55;28.0;81;35.0;67.0;10002.0;33.2;92;108.0;7
93;39.0;40;26.0;73;10.0;26.0;9984.0;33.4;75;102.0;6
93;77.5;27;28.0;78;24.0;56.0;9984.0;33.1;67;106.0;6
92;41.0;50;25.0;55;12.0;25.0;9952.0;33.4;79;133.0;7
89;40.0;51;26.0;52;13.0;27.0;9950.0;33.2;90;134.0;7
87;69.0;31;30.0;86;23.0;81.0;10002.0;34.8;74;116.0;6
65;39.0;23;83.0;51;28.0;91.0;9952.0;34.4;55;121.0;6
107;35.0;53;26.0;70;5.0;16.0;9972.0;31.5;65;110.0;8
78;52.0;25;19.0;81;14.0;38.0;9984.0;34.3;65;90.0;6
72;34.0;32;25.0;90;43.0;113.0;9966.0;33.2;79;111.0;5
107;35.0;53;26.0;70;5.0;16.0;9972.0;31.5;65;110.0;8
87;69.0;31;30.0;86;23.0;81.0;10002.0;34.8;74;116.0;6
78;52.0;25;19.0;81;14.0;38.0;9984.0;34.3;65;90.0;6
104;44.0;73;65.5;74;38.0;76.0;9990.0;31.7;85;120.0;7
104;44.0;73;65.5;74;38.0;76.0;9990.0;31.7;85;120.0;7
105;26.0;47;19.0;78;6.0;24.0;9976.0;31.8;104;109.0;7
105;24.0;42;18.0;77;6.0;22.0;9976.0;32.1;105;108.0;7
102;49.0;63;29.0;72;10.0;26.0;9968.0;31.6;78;125.0;7
104;24.0;46;18.0;75;6.0;21.0;9976.0;32.5;102;108.0;7
112;67.0;55;23.0;84;6.0;13.0;10000.0;31.7;71;95.0;6
100;59.0;31;22.0;90;26.0;62.0;9994.0;31.8;63;102.0;6
133;29.0;75;28.0;84;23.0;43.0;9986.0;30.4;68;114.0;7
124;42.0;49;46.0;73;19.0;43.0;9978.0;30.2;61;95.0;5
100;59.0;31;22.0;90;26.0;62.0;9994.0;31.8;63;102.0;6
107;40.0;48;21.0;125;15.0;49.0;9980.0;30.3;81;97.0;6
105;51.0;64;24.0;107;6.0;15.0;9973.0;30.9;66;118.0;7
105;51.0;64;24.0;107;6.0;15.0;9973.0;30.9;66;118.0;7
85;65.5;49;61.0;122;34.0;151.0;10010.0;33.1;114;93.0;5
125;60.0;49;43.0;100;5.0;14.0;10010.0;32.5;74;119.0;6
104;61.0;49;21.0;200;5.0;16.0;9994.0;31.6;63;84.0;3
109;21.0;49;28.0;88;11.0;32.0;9972.0;32.2;68;117.0;6
73;36.5;49;25.0;88;39.0;106.0;9966.0;33.6;78;110.0;5
98;25.0;49;27.0;88;15.0;33.0;9982.0;34.2;90;100.0;6
76;41.0;49;20.0;88;16.0;43.0;9980.0;34.8;64;91.0;5
82;39.0;49;23.0;99;47.0;133.0;9979.0;33.8;99;98.0;5
93;40.0;49;25.0;85;38.0;142.0;9978.0;32.2;55;94.0;5
92;43.0;49;24.0;86;23.0;116.0;9976.0;32.3;64;95.0;5
104;64.0;24;28.0;105;29.0;53.0;9998.0;32.4;67;99.0;5
73;36.5;49;25.0;88;39.0;106.0;9966.0;33.6;78;110.0;5
70;38.0;49;25.0;97;33.0;85.0;9962.0;33.9;77;114.0;6
82;42.0;49;26.0;84;32.0;55.0;9988.0;33.4;75;87.0;6
99;63.0;24;24.0;77;6.0;33.0;9974.0;30.9;57;94.0;5
91;22.0;24;21.0;78;1.0;28.0;9990.0;34.1;87;103.0;6
119;38.0;49;27.0;98;12.0;42.0;10004.0;31.6;61;103.0;5
119;38.0;49;27.0;98;12.0;42.0;10004.0;31.6;61;103.0;5
103;27.0;24;21.0;72;15.0;33.0;9956.0;32.2;66;128.0;6
100;48.0;24;27.0;102;13.0;32.0;10000.0;32.8;56;100.0;6
91;22.0;24;21.0;78;1.0;28.0;9990.0;34.1;87;103.0;6
99;63.0;24;24.0;77;6.0;33.0;9974.0;30.9;57;94.0;5
81;82.5;24;21.0;84;5.0;13.0;9972.0;33.7;77;107.0;6
129;35.0;49;58.0;66;5.0;35.0;10014.0;32.0;66;120.0;7
112;50.0;74;51.5;100;5.0;17.0;9996.0;32.2;62;112.0;5
92;59.0;24;33.0;101;20.0;47.0;9988.0;32.6;67;96.0;5
95;46.0;49;63.0;64;5.0;17.0;9988.0;32.1;73;110.0;6
93;71.5;24;21.0;70;5.0;20.0;9966.0;31.2;59;99.0;5
112;66.0;24;25.0;85;16.0;53.0;9993.0;30.6;72;110.0;6
143;31.0;74;18.0;75;6.0;15.0;10008.0;28.6;79;84.0;6
91;47.0;49;26.0;94;38.0;106.0;9982.0;30.8;59;91.0;5
75;55.0;24;20.0;78;10.0;28.0;9983.0;34.5;78;95.0;6
106;31.0;49;25.0;67;6.0;21.0;9987.0;32.6;86;107.0;6
124;35.0;49;26.0;79;27.0;69.0;9994.0;31.2;75;104.0;6
90;53.0;49;19.0;171;6.0;25.0;9975.0;32.7;61;94.0;6
68;51.0;1;21.0;74;9.0;25.0;9958.0;33.3;56;95.0;6
94;43.0;24;28.0;92;14.0;45.0;9980.0;31.9;73;100.0;6
95;46.0;24;27.0;92;14.0;44.0;9980.0;31.2;74;100.0;6
50;104.0;24;16.0;50;32.0;96.0;9934.0;37.4;62;115.0;5
155;64.5;49;42.0;95;10.0;23.0;10031.5;29.2;74;111.0;5
155;64.5;49;42.0;95;10.0;23.0;10031.5;29.2;74;111.0;5
109;53.0;49;46.0;118;10.0;17.0;10002.0;30.7;56;117.0;6
156;64.5;49;42.0;95;10.0;23.0;10031.5;29.2;74;111.0;5
109;53.0;49;46.0;118;10.0;17.0;10002.0;30.7;56;117.0;6
130;47.0;49;43.0;85;6.0;47.0;10021.0;33.0;68;127.0;6
127;60.0;49;28.0;75;5.0;19.0;9994.0;31.4;57;114.0;5
90;44.0;49;24.0;78;26.0;121.0;9978.0;32.3;58;92.0;5
90;54.0;49;29.0;94;41.0;110.0;9982.0;30.8;61;92.0;5
76;29.0;49;27.0;92;25.0;60.0;9971.0;33.1;61;101.0;6
130;47.0;49;43.0;85;6.0;47.0;10021.0;33.0;68;127.0;6
127;60.0;49;28.0;75;5.0;19.0;9994.0;31.4;57;114.0;5
87;70.0;24;25.0;226;5.0;15.0;9991.0;33.2;60;90.0;6
87;70.0;24;25.0;226;5.0;15.0;9991.0;33.2;60;90.0;6
98;50.0;49;26.0;250;5.0;20.0;9990.0;33.1;79;107.0;6
62;36.0;24;22.0;95;19.0;42.0;9946.0;35.7;57;117.0;6
115;35.0;49;33.0;70;10.0;37.0;10003.0;33.2;91;110.0;6
62;36.0;24;22.0;95;19.0;42.0;9946.0;35.7;57;117.0;6
102;24.0;49;24.0;75;10.0;28.0;9978.0;31.4;61;104.0;5
105;59.0;49;21.0;70;14.0;47.0;9991.0;33.0;56;96.0;4
106;34.0;49;32.0;78;20.0;78.0;9992.0;31.9;70;100.0;6
123;27.0;49;31.0;79;28.0;46.0;9993.0;32.0;80;102.0;6
99;50.0;24;23.0;103;6.0;14.0;9978.0;33.4;52;100.0;4
88;44.0;49;28.0;83;18.0;111.0;9982.0;33.0;60;95.0;5
88;47.0;49;29.0;85;17.0;110.0;9982.0;32.9;60;98.0;5
106;31.0;49;22.0;63;18.0;40.0;9976.0;31.4;51;98.0;6
123;50.0;49;22.0;89;5.0;14.0;10002.0;31.9;44;96.0;5
123;50.0;49;22.0;89;5.0;14.0;10002.0;31.9;44;96.0;5
117;49.0;49;22.0;83;5.0;15.0;10000.0;31.9;43;92.0;5
120;28.0;49;19.0;74;10.0;21.0;9976.0;29.8;66;99.0;7
118;33.0;49;34.0;93;54.0;80.0;10002.0;33.0;76;107.0;7
76;51.0;24;24.0;91;8.0;38.0;9980.0;34.7;66;96.0;6
111;31.0;49;27.0;94;16.0;47.0;9986.0;31.2;102;106.0;7
73;73.0;24;19.0;108;18.0;102.0;9967.0;32.6;59;93.0;5
50;42.0;24;20.0;60;19.0;50.0;9917.0;37.2;74;140.0;8
102;29.0;49;26.0;59;5.0;13.0;9976.0;30.5;74;105.0;7
90;45.0;49;26.0;84;21.0;75.0;9987.0;33.5;57;97.0;5
66;39.0;49;17.0;70;23.0;149.0;9922.0;31.2;50;115.0;6
90;45.0;49;26.0;84;21.0;75.0;9987.0;33.5;57;97.0;5
99;49.0;58;35.0;94;9.0;43.0;10004.0;32.9;58;90.0;5
79;72.0;17;26.0;96;20.0;38.0;9978.0;34.0;53;95.0;5
89;59.5;41;79.0;86;30.0;109.0;9998.0;32.7;57;93.0;5
124;40.0;51;20.0;59;6.0;24.0;9994.0;30.4;60;93.0;6
119;58.0;58;19.0;71;5.0;18.0;9980.0;30.9;63;100.0;6
85;58.5;18;21.0;78;5.0;30.0;9967.0;32.0;48;98.0;6
127;59.0;45;23.0;82;11.0;22.0;10000.0;30.0;70;93.0;6
82;91.5;27;21.0;88;7.0;23.0;9962.0;32.6;47;100.0;4
132;46.0;52;22.0;71;12.0;35.0;10006.0;31.0;56;90.0;6
77;83.5;0;26.0;81;6.0;14.0;9975.0;33.0;52;93.0;5
132;46.0;52;22.0;71;12.0;35.0;10006.0;31.0;56;90.0;6
83;58.0;13;29.0;96;14.0;63.0;9984.0;31.7;62;91.0;6
83;60.0;13;26.0;85;6.0;24.0;9984.0;33.1;59;92.0;6
94;41.0;48;46.0;72;10.0;20.0;9973.0;33.4;79;122.0;7
88;48.0;41;33.0;92;26.0;52.0;9982.0;33.1;53;105.0;6
101;65.0;37;51.0;110;11.0;65.0;10026.0;33.2;64;104.0;6
63;36.0;19;32.0;75;15.0;39.0;9956.0;35.6;52;127.0;6
88;24.0;54;25.0;83;25.0;57.0;9983.0;33.9;54;92.0;5
132;38.0;55;27.0;81;5.0;16.0;10006.0;29.8;54;94.0;5
75;64.0;0;24.0;77;18.0;29.0;9965.0;33.2;60;100.0;6
82;39.0;38;15.0;58;10.0;29.0;9962.0;32.6;74;98.0;5
92;75.5;18;22.0;148;10.0;103.0;9969.0;28.7;136;102.0;6
96;60.0;50;23.0;79;28.0;71.0;9997.0;35.0;57;97.0;5
96;60.0;50;23.0;79;28.0;71.0;9997.0;35.0;57;97.0;5
115;31.0;51;22.0;79;14.0;28.0;9982.0;30.3;93;98.0;6
114;46.0;50;27.0;122;4.0;17.0;10006.0;31.3;70;102.0;5
113;37.0;41;23.0;88;6.0;16.0;9988.0;30.9;80;93.0;5
83;54.0;24;34.0;76;16.0;112.0;9976.0;32.7;61;94.0;5
82;56.0;23;34.0;78;14.0;104.0;9976.0;32.8;62;94.0;5
100;58.0;22;19.0;80;9.0;32.0;9974.0;31.3;55;95.0;5
79;51.0;25;29.0;77;21.0;45.0;9974.0;34.9;96;121.0;6
68;69.0;0;56.0;124;21.0;58.0;9997.0;34.6;72;102.0;5
68;69.0;0;56.0;124;21.0;58.0;9997.0;34.6;72;102.0;5
88;60.0;29;22.0;98;5.0;15.0;9988.0;33.6;49;91.0;5
88;60.0;29;22.0;98;5.0;15.0;9988.0;33.6;49;91.0;5
87;54.0;26;25.0;97;7.0;31.0;9976.0;32.7;60;93.0;6
76;68.5;23;23.0;111;20.0;84.0;9964.0;32.1;61;93.0;5
87;54.0;26;25.0;97;7.0;31.0;9976.0;32.7;60;93.0;6
104;28.0;54;27.0;105;5.0;19.0;9988.0;32.5;63;95.0;5
76;41.0;14;30.0;87;21.0;43.0;9964.0;33.2;57;105.0;6
101;93.5;22;34.0;105;11.0;86.0;10010.0;34.3;64;113.0;4
79;35.0;21;19.0;73;46.0;102.0;9964.0;32.7;58;95.0;5
87;84.0;0;14.0;65;24.0;33.0;9954.0;32.7;55;97.0;5
96;88.0;28;24.0;86;30.0;147.0;9979.0;32.4;53;94.0;5
95;88.5;27;23.0;84;31.0;145.0;9978.0;32.4;53;94.0;5
77;91.5;12;22.0;143;7.0;23.0;9964.0;33.5;65;102.0;7
89;29.0;35;19.0;67;25.0;57.0;9970.0;31.8;136;103.0;6
99;54.0;45;23.0;71;16.0;40.0;9991.0;33.9;62;94.0;5
95;59.0;44;23.0;71;21.0;68.0;9992.0;34.6;63;95.0;5
99;54.0;45;23.0;71;16.0;40.0;9991.0;33.9;62;94.0;5
95;59.0;44;23.0;71;21.0;68.0;9992.0;34.6;63;95.0;5
99;54.0;45;23.0;71;16.0;40.0;9991.0;33.9;62;94.0;5
78;64.0;10;60.0;115;5.0;11.0;9984.0;33.7;69;101.0;7
73;67.0;5;36.0;107;6.0;20.0;9972.0;34.0;63;101.0;5
83;84.5;1;22.0;70;5.0;14.0;9967.0;33.2;58;110.0;4
87;48.0;30;28.0;66;10.0;28.0;9964.0;33.3;67;112.0;7
67;42.0;27;86.0;68;24.0;148.0;9948.0;31.6;57;113.0;6
107;43.0;39;22.0;106;8.0;32.0;9986.0;28.9;50;96.0;5
98;88.0;25;25.0;104;35.0;155.0;10010.0;34.1;67;112.0;5
159;36.0;65;75.0;96;22.0;71.0;9976.0;29.8;84;149.0;5
94;33.0;59;28.0;79;9.0;30.0;9976.0;31.2;54;120.0;6
86;47.0;47;24.0;74;7.0;29.0;9979.0;30.8;46;95.0;5
97;55.0;17;29.0;87;20.0;53.0;10004.0;31.4;61;94.0;5
107;43.0;39;22.0;106;8.0;32.0;9986.0;28.9;50;96.0;5
120;50.0;59;14.0;73;23.0;42.0;9980.0;29.2;68;105.0;7
72;52.0;7;14.0;74;5.0;20.0;9973.0;33.2;81;96.0;6
71;84.0;2;44.0;96;5.0;13.0;9970.0;34.1;57;110.0;4
72;52.0;7;14.0;74;5.0;20.0;9973.0;33.2;81;96.0;6
75;42.0;31;16.0;80;15.0;42.0;9978.0;33.1;64;90.0;5
72;57.0;6;16.0;76;9.0;27.0;9972.0;33.6;70;96.0;6
101;28.0;46;18.0;50;5.0;13.0;9974.0;30.4;79;102.0;6
121;40.0;52;20.0;92;15.0;54.0;10000.0;30.3;66;102.0;5
94;59.0;14;20.0;84;25.0;48.0;9981.0;31.4;56;97.0;5
83;49.0;36;18.0;222;6.0;16.0;9980.0;31.8;60;95.0;6
113;34.0;45;20.0;82;6.0;15.0;9988.0;29.4;66;92.0;6
100;73.0;43;23.0;59;15.0;31.0;9966.0;31.5;57;110.0;5
113;34.0;45;20.0;82;6.0;15.0;9988.0;29.4;66;92.0;6
69;40.0;24;25.0;83;30.0;45.0;9959.0;32.6;58;100.0;5
82;73.0;21;17.0;74;5.0;13.0;9968.0;32.0;52;95.0;5
98;124.0;34;20.0;79;32.0;151.0;9980.0;31.5;53;95.0;5
82;73.0;21;17.0;74;5.0;13.0;9968.0;32.0;52;95.0;5
108;40.0;41;22.0;84;7.0;17.0;9984.0;30.8;67;93.0;6
93;41.0;39;22.0;64;12.0;31.0;9984.0;32.6;65;102.0;5
108;40.0;41;22.0;84;7.0;17.0;9984.0;30.8;67;93.0;6
86;80.0;11;23.0;84;12.0;31.0;9979.0;34.0;48;99.0;5
83;78.0;10;26.0;81;45.0;87.0;9983.0;34.8;53;100.0;5
108;26.0;45;33.0;60;20.0;49.0;9972.0;31.3;54;96.0;5
133;43.0;58;19.0;70;15.0;40.0;10004.0;30.6;49;90.0;5
80;45.0;23;22.0;94;16.0;29.0;9962.0;32.1;49;102.0;6
85;46.0;31;22.5;78;32.0;58.0;9980.0;33.3;54;98.0;5
81;78.0;23;26.0;59;5.0;15.0;9970.0;33.7;56;113.0;5
98;98.0;32;23.0;78;35.0;152.0;9980.0;32.5;48;94.0;5
81;78.0;23;26.0;59;5.0;15.0;9970.0;33.7;56;113.0;5
71;65.0;18;18.0;70;13.0;40.0;9970.0;34.4;60;91.0;5
91;64.0;23;31.0;95;13.0;38.0;9998.0;32.8;59;97.0;5
77;66.0;4;16.0;39;4.0;9.0;9962.0;34.0;47;94.0;5
81;38.0;48;18.0;157;5.0;17.0;9976.0;33.0;105;94.0;5
74;118.5;0;42.5;97;5.0;14.0;9966.0;36.3;54;107.0;3
92;92.0;24;26.0;87;12.0;93.0;9998.0;34.8;54;98.0;5
86;49.0;51;20.0;422;16.0;62.0;9979.0;30.3;117;90.0;5
90;48.0;32;28.0;84;21.0;122.0;9984.0;33.2;62;94.0;5
90;47.0;31;27.0;84;24.0;125.0;9984.0;33.1;61;94.0;5
51;47.0;2;13.0;34;18.0;44.0;9921.0;39.0;62;128.0;6
70;65.0;2;21.0;66;8.0;25.0;9972.0;34.7;67;95.0;6
70;65.0;2;21.0;66;8.0;25.0;9972.0;34.7;67;95.0;6
94;61.5;28;32.0;87;18.0;72.0;10001.0;33.1;53;97.0;5
118;38.0;55;21.0;71;5.0;19.0;9986.0;31.1;62;108.0;6
106;102.0;43;29.0;76;26.0;88.0;9984.0;30.8;57;101.0;6
70;65.0;2;21.0;66;8.0;25.0;9972.0;34.7;67;95.0;6
70;64.0;2;21.0;67;9.0;23.0;9970.0;34.7;67;94.0;6
75;38.0;48;26.0;73;22.0;84.0;9972.0;33.2;70;96.0;4
91;76.5;4;16.0;78;4.0;14.0;9980.0;32.9;54;97.0;4
84;103.5;15;60.0;73;11.0;54.0;9990.0;33.7;49;99.0;5
70;78.0;8;20.0;93;10.0;19.0;9956.0;34.0;47;100.0;5
74;49.0;19;30.0;77;16.0;37.0;9966.0;33.7;51;105.0;5
78;54.5;12;25.0;68;11.0;35.0;9960.0;33.4;61;116.0;6
97;31.0;47;16.0;62;13.0;33.0;9983.0;32.7;66;100.0;6
106;102.5;43;28.0;80;21.0;84.0;9985.0;30.6;57;101.0;5
89;56.5;34;30.0;93;16.0;112.0;9998.0;33.8;61;95.0;5
87;69.0;0;32.0;84;13.0;33.0;9992.0;33.6;45;94.0;5
80;43.0;36;23.0;75;10.0;48.0;9976.0;33.4;46;94.0;5
99;74.0;28;26.0;78;21.0;77.0;9980.0;32.8;51;98.0;5
72;49.0;18;27.0;69;13.0;34.0;9967.0;32.9;48;92.0;6
80;43.0;36;23.0;75;10.0;48.0;9976.0;33.4;46;94.0;5
76;46.0;11;26.0;79;12.0;49.0;9968.0;32.1;57;100.0;5
84;56.0;4;20.0;82;10.0;22.0;9976.0;32.2;44;96.0;5
71;66.0;0;39.0;86;17.0;45.0;9976.0;34.6;54;95.0;5
84;56.0;4;20.0;82;10.0;22.0;9976.0;32.2;44;96.0;5
89;48.0;24;28.5;94;35.0;106.0;9982.0;31.0;53;92.0;5
76;42.0;8;27.0;84;15.0;48.0;9968.0;32.1;59;100.0;5
71;31.0;30;22.0;53;36.0;127.0;9965.0;29.4;162;95.0;5
75;111.5;10;31.0;86;5.0;12.0;9958.0;35.4;60;112.0;4
90;66.0;17;30.0;77;5.0;13.0;9976.0;32.9;55;104.0;5
81;72.0;9;28.0;84;18.0;49.0;9994.0;34.3;72;111.0;6
64;57.0;2;18.0;67;4.0;11.0;9970.0;34.6;68;95.0;5
64;57.0;2;18.0;67;4.0;11.0;9970.0;34.6;68;95.0;5
64;86.5;3;32.0;71;27.0;58.0;9950.0;36.1;49;127.0;6
95;55.0;66;23.0;387;12.0;37.0;9982.0;31.7;67;96.0;5
89;87.5;13;34.5;88;4.0;14.0;9994.0;34.4;52;115.0;5
73;83.5;3;21.0;92;10.0;19.0;9966.0;33.9;47;96.0;5
70;45.0;34;27.0;82;16.0;72.0;9980.0;35.5;60;95.0;5
77;56.0;20;20.0;75;9.0;39.0;9987.0;34.8;62;93.0;5
77;96.5;10;21.0;112;11.0;22.0;9963.0;32.6;50;95.0;5
77;96.5;10;21.0;112;11.0;22.0;9963.0;32.6;50;95.0;5
82;59.0;0;25.0;93;19.0;58.0;10002.0;35.0;65;93.0;6
90;46.0;23;28.0;92;28.0;104.0;9983.0;31.0;56;92.0;5
90;69.0;0;24.0;88;19.0;38.0;9990.0;33.5;60;93.0;5
83;76.0;29;42.0;75;12.0;16.0;9965.0;34.5;68;115.0;6
92;53.0;24;26.0;78;28.0;139.0;9978.8;32.1;57;95.0;5
65;61.5;0;19.0;65;9.0;18.0;9972.0;34.6;65;92.0;5
116;41.0;58;28.0;96;25.0;101.0;10002.4;31.3;53;100.0;5
111;39.0;54;27.0;95;21.0;101.0;10001.0;31.3;51;95.0;5
73;51.0;18;21.0;70;12.0;28.0;9976.8;35.2;73;95.0;6
82;34.0;38;25.0;80;12.0;57.0;9978.0;33.0;47;90.0;6
86;33.0;40;26.0;83;16.0;68.0;9978.2;33.0;48;94.0;5
72;50.0;18;21.0;71;12.0;31.0;9976.1;35.2;72;96.0;6
73;51.0;18;21.0;70;12.0;28.0;9976.8;35.2;73;95.0;6
83;65.0;10;29.0;89;17.0;40.0;9980.3;32.9;55;95.0;5
83;65.0;10;29.0;89;17.0;40.0;9980.3;32.9;55;95.0;5
76;54.0;13;25.0;97;24.0;66.0;9978.5;33.9;61;94.0;5
83;65.0;10;29.0;89;17.0;40.0;9980.3;32.9;55;95.0;5
78;48.0;68;17.0;415;14.0;32.0;9965.6;30.9;106;91.0;6
78;91.0;7;19.0;58;22.0;47.0;9952.5;35.1;43;107.0;6
63;98.0;1;20.0;57;15.0;33.0;9948.8;36.0;46;112.0;6
81;87.0;0;22.0;84;10.0;31.0;9965.6;32.5;50;98.0;5
81;87.0;0;22.0;84;10.0;31.0;9965.6;32.5;50;98.0;5
88;42.0;21;25.0;92;33.0;88.0;9982.3;31.9;52;92.0;5
90;58.0;25;28.0;75;9.0;104.0;9977.9;32.3;57;97.0;5
93;65.5;26;20.0;96;5.0;35.0;9973.8;32.5;42;96.0;5
88;70.0;0;17.0;69;8.0;19.0;9970.1;33.1;53;100.0;6
93;65.5;26;20.0;96;5.0;35.0;9973.8;32.5;42;96.0;5
91;68.0;11;28.0;93;11.0;44.0;9988.8;33.1;55;95.0;6
92;67.0;10;30.0;91;12.0;48.0;9988.8;33.1;54;95.0;6
88;59.0;18;29.0;89;12.0;74.0;9973.8;31.4;54;94.0;5
75;60.0;32;27.0;103;13.0;98.0;9993.8;34.5;62;95.0;5
71;59.0;2;23.0;82;24.0;94.0;9974.4;35.5;53;97.0;6
79;72.0;1;19.0;76;7.0;32.0;9966.8;33.9;54;96.0;5
71;59.0;2;23.0;82;24.0;94.0;9974.4;35.5;53;97.0;6
94;68.5;26;24.0;82;23.0;143.0;9978.0;32.8;55;94.0;5
95;57.0;27;23.0;82;23.0;144.0;9978.2;32.7;55;94.0;5
79;40.0;29;18.0;157;1.0;44.0;9973.0;33.0;92;95.0;6
79;40.0;30;18.0;157;2.0;45.0;9972.7;33.1;91;95.0;6
72;100.0;0;30.0;102;7.0;16.0;9958.6;34.3;46;100.0;5
69;76.5;18;24.0;243;5.5;48.0;9961.2;34.0;60;103.0;6
69;63.5;17;24.0;241;6.0;18.0;9961.0;34.0;59;103.0;6
83;43.0;30;34.0;79;7.0;34.0;9978.8;33.6;61;105.0;5
71;52.0;3;26.0;76;21.0;92.0;9974.5;35.0;60;98.0;5
70;57.0;0;20.0;190;12.0;45.0;9967.6;33.1;60;94.0;6
65;46.0;14;24.0;114;9.0;37.0;9973.2;36.6;65;98.0;5
90;82.0;5;24.0;81;26.0;96.0;9981.4;33.6;53;100.0;5
65;46.0;14;24.0;114;9.0;37.0;9973.2;36.6;65;98.0;5
71;59.0;1;25.0;77;20.0;85.0;9974.6;35.5;59;98.0;5
99;35.0;41;23.0;83;11.0;61.0;9982.0;32.1;50;95.0;5
99;35.0;41;23.0;83;11.0;61.0;9982.0;32.1;50;95.0;5
100;56.0;24;22.0;79;19.0;58.0;9991.0;31.8;56;101.0;6
100;56.0;24;22.0;79;19.0;58.0;9991.0;31.8;56;101.0;6
86;63.0;17;29.0;99;21.0;119.0;9980.0;30.9;52;93.0;5
74;37.0;43;26.0;82;18.0;82.0;9970.8;33.3;68;97.0;6
88;64.0;17;29.0;84;25.0;130.0;9981.8;32.3;54;96.0;5
71;61.0;2;25.0;81;17.0;87.0;9974.5;34.8;60;97.0;6
77;60.0;0;26.0;55;7.0;13.0;9963.9;33.8;56;108.0;5
101;27.0;54;23.0;65;7.0;26.0;9953.1;31.7;53;125.0;6
108;89.0;30;26.0;132;7.0;60.0;9978.6;29.9;118;102.0;5
87;46.0;31;25.0;126;24.0;64.0;9974.6;31.0;74;96.0;5
93;37.0;44;16.0;38;21.0;42.0;9952.6;32.4;81;108.0;7
94;50.0;34;36.0;82;5.0;14.0;9987.0;32.9;52;107.0;6
94;50.0;34;36.0;82;5.0;14.0;9987.0;32.9;52;107.0;6
72;61.0;8;40.0;82;26.0;108.0;9964.1;32.5;51;94.0;5
86;55.0;9;33.0;68;8.0;17.0;9973.5;32.3;44;100.0;5
51;58.5;0;17.0;44;14.0;86.0;9926.4;35.6;94;129.0;7
77;56.0;8;25.0;114;14.0;46.0;9971.0;32.4;66;96.0;6
84;52.0;22;27.0;84;4.0;18.0;9968.2;32.6;57;99.0;6
82;28.0;40;24.0;52;4.0;10.0;9935.6;33.3;70;128.0;7
84;25.0;39;20.0;41;4.0;10.0;9938.6;32.7;71;125.0;7
82;28.0;40;24.0;52;4.0;10.0;9935.6;33.3;70;128.0;7
74;53.0;12;19.0;165;4.0;12.0;9970.2;32.6;86;92.0;5
76;48.0;31;28.0;70;4.0;15.0;9969.3;32.2;55;103.0;6
73;49.0;10;26.0;68;4.0;14.0;9956.2;33.0;47;105.0;5
129;50.0;55;28.0;72;7.0;24.0;10001.2;30.9;68;109.0;6
108;45.0;33;25.0;99;20.0;38.0;9981.8;32.4;71;108.0;5
69;39.0;24;21.0;102;4.0;7.0;9946.2;34.4;58;114.0;4
126;41.0;54;28.0;103;19.0;41.0;9993.9;32.1;76;113.0;6
108;45.0;33;25.0;99;20.0;38.0;9981.8;32.4;71;108.0;5
98;51.0;19;32.0;81;8.0;30.0;9984.0;32.3;58;105.0;6
108;29.0;42;16.0;84;19.0;27.0;9954.5;32.8;73;119.0;6
71;71.5;0;23.5;71;21.0;47.0;9963.2;32.9;45;94.0;5
91;66.0;15;32.0;97;9.0;59.0;9997.6;32.8;54;96.0;5
70;68.5;0;19.0;99;9.0;22.0;9960.6;33.4;60;97.0;5
49;42.0;0;21.0;48;16.0;42.0;9915.4;37.1;74;140.0;7
67;54.0;13;20.0;76;15.0;36.0;9973.0;36.1;64;98.0;5
67;54.0;13;20.0;76;15.0;36.0;9973.0;36.1;64;98.0;5
71;48.0;28;28.0;68;6.0;16.0;9968.2;32.4;53;103.0;5
71;46.0;14;28.0;76;15.0;37.0;9962.4;33.6;49;107.0;5
75;27.0;34;23.0;50;4.0;8.0;9951.0;34.0;64;110.0;7
71;46.0;14;28.0;76;15.0;37.0;9962.4;33.6;49;107.0;5
78;57.0;9;23.0;65;34.0;45.0;9941.7;34.6;74;127.0;8
59;61.0;8;21.0;71;16.0;24.0;9937.6;35.6;77;111.0;6
75;68.5;7;25.0;58;5.0;9.0;9963.2;33.8;55;109.0;4
59;61.0;8;21.0;71;16.0;24.0;9937.6;35.6;77;111.0;6
104;44.0;42;15.0;145;34.0;48.0;9983.2;33.8;86;99.0;3
116;47.0;44;16.0;147;36.0;51.0;9983.6;33.8;86;99.0;4
88;68.5;26;16.0;88;16.0;23.0;9969.4;33.2;47;94.0;5
76;66.5;10;15.0;66;27.0;55.0;9965.5;33.9;51;93.0;5
67;28.0;28;24.0;12;36.0;100.0;9906.4;32.6;39;117.0;7
67;28.0;28;24.0;12;36.0;100.0;9906.4;32.6;39;117.0;7
101;31.0;35;16.0;75;9.0;28.0;9967.2;32.4;83;112.0;7
60;50.0;4;22.0;92;13.0;26.0;9964.7;34.6;47;100.0;5
111;42.0;47;26.5;85;9.0;34.0;9973.6;32.4;77;121.0;7
66;66.0;0;30.0;115;21.0;31.0;9962.9;34.5;63;103.0;5
106;50.0;45;26.0;119;34.0;68.0;9970.8;32.3;72;109.0;6
71;68.5;35;20.0;88;9.0;92.0;9963.0;32.8;62;94.0;5
99;25.0;46;17.0;62;26.0;42.0;9959.0;31.8;83;106.0;6
64;64.0;21;18.0;81;14.0;31.0;9968.9;35.9;66;98.0;5
64;64.0;21;18.0;81;14.0;31.0;9968.9;35.9;66;98.0;5
74;68.0;16;18.0;78;12.0;39.0;9977.0;35.0;70;99.0;6
64;64.0;21;18.0;81;14.0;31.0;9968.9;35.9;66;98.0;5
64;63.0;21;16.0;80;12.0;32.0;9968.9;35.8;66;98.0;5
93;43.0;44;19.0;85;9.0;22.0;9970.8;32.8;55;95.0;5
93;43.0;44;19.0;85;9.0;22.0;9970.8;32.8;55;95.0;5
80;42.0;32;25.0;80;26.0;122.0;9980.1;32.2;107;97.0;5
93;36.0;39;15.0;80;41.0;55.0;9965.2;34.7;73;109.0;6
93;36.0;39;15.0;80;41.0;55.0;9965.2;34.7;73;109.0;6
76;73.5;2;25.0;71;10.0;14.0;9953.8;35.1;71;117.0;7
93;36.0;39;15.0;80;41.0;55.0;9965.2;34.7;73;109.0;6
82;26.0;34;25.0;73;16.0;47.0;9959.4;34.0;78;113.0;7
117;28.0;47;17.0;54;17.0;32.0;9968.6;31.5;67;106.0;7
68;56.0;22;18.0;74;15.0;24.0;9943.8;34.0;82;112.0;6
72;62.0;6;27.0;77;15.0;85.0;9974.6;35.1;54;95.0;5
58;101.0;66;20.0;39;15.0;88.0;9935.7;36.6;60;115.0;6
75;42.0;32;27.0;67;7.0;25.0;9962.8;32.4;44;104.0;5
72;62.0;6;25.0;78;17.0;84.0;9974.6;35.1;53;97.0;5
72;62.0;6;27.0;77;15.0;85.0;9974.6;35.1;54;95.0;5
72;63.5;7;26.0;77;16.0;86.0;9974.8;35.1;54;97.0;5
68;49.0;22;23.0;71;13.0;24.0;9943.8;34.1;83;113.0;6
69;51.0;23;20.0;72;13.0;22.0;9943.8;34.0;84;112.0;6
68;56.0;22;18.0;74;15.0;24.0;9943.8;34.0;82;112.0;6
76;63.0;3;20.0;80;27.0;43.0;9957.8;34.4;64;109.0;6
77;71.5;1;21.0;64;31.0;43.0;9937.1;34.1;57;118.0;6
69;56.0;3;15.0;86;36.0;46.0;9952.2;35.3;57;106.0;5
73;35.0;24;20.0;67;28.0;48.0;9957.6;34.3;54;100.0;4
91;21.0;37;16.0;67;6.0;10.0;9955.2;32.3;58;111.0;7
104;38.0;46;21.0;104;6.0;10.0;9966.4;31.2;65;118.0;7
88;31.0;40;28.0;109;7.0;16.0;9961.4;33.1;79;118.0;7
71;47.0;0;22.0;67;7.0;14.0;9951.7;34.0;58;109.0;4
77;71.5;1;21.0;64;31.0;43.0;9937.1;34.1;57;118.0;6
88;61.0;19;40.0;94;30.0;69.0;9978.7;32.2;50;100.0;6
72;60.0;4;25.0;76;18.0;88.0;9974.5;35.3;55;95.0;5
92;56.0;18;16.0;78;10.0;21.0;9957.6;31.5;49;99.0;5
76;71.5;0;21.0;68;30.0;35.0;9953.3;34.8;65;114.0;6
84;31.0;29;31.0;194;14.0;26.0;9953.6;32.2;78;120.0;6
72;60.0;4;25.0;76;18.0;88.0;9974.5;35.3;55;95.0;5
88;61.0;19;40.0;94;30.0;69.0;9978.7;32.2;50;100.0;6
89;75.0;14;25.0;86;9.0;30.0;9982.4;33.4;64;105.0;5
90;80.0;12;24.0;83;8.0;28.0;9983.6;33.3;65;104.0;6
107;52.0;38;26.0;66;29.0;56.0;9957.7;31.5;79;121.0;7
68;57.0;0;25.0;72;32.0;64.0;9949.1;34.3;56;112.0;6
107;90.0;34;66.0;112;23.0;99.0;10028.9;32.2;68;93.0;5
72;34.0;24;20.0;71;30.0;52.0;9957.6;34.4;58;101.0;5
72;66.0;3;23.0;78;16.0;86.0;9974.3;35.3;57;97.0;5
101;45.0;23;19.0;82;10.0;18.0;9977.4;32.2;65;93.0;6
72;66.0;3;23.0;78;16.0;86.0;9974.3;35.3;57;97.0;5
72;63.0;3;22.0;80;17.0;88.0;9974.5;35.3;58;98.0;6
71;59.0;1;23.0;80;27.0;43.0;9955.0;34.2;58;107.0;6
83;31.0;39;24.0;78;17.0;43.0;9944.4;33.1;77;125.0;7
71;59.0;1;23.0;80;27.0;43.0;9955.0;34.2;58;107.0;6
83;31.0;39;24.0;78;17.0;43.0;9944.4;33.1;77;125.0;7
83;102.0;2;34.0;84;6.0;11.0;9989.2;34.8;49;110.0;3
89;31.0;36;26.0;56;10.0;39.0;9956.2;34.0;69;118.0;5
74;63.5;10;24.0;80;16.0;33.0;9973.6;35.8;69;108.0;7
74;63.5;10;24.0;80;16.0;33.0;9973.6;35.8;69;108.0;7
68;59.0;6;60.0;60;11.0;18.0;9962.0;34.1;59;108.0;7
68;59.0;6;60.0;60;11.0;18.0;9962.0;34.1;59;108.0;7
92;58.0;20;30.0;81;15.0;115.0;9980.0;32.3;59;95.0;5
72;54.0;27;26.0;84;12.0;78.0;9964.0;33.9;71;110.0;5
61;56.0;0;22.0;79;6.0;9.0;9948.0;35.9;54;115.0;6
74;52.0;13;24.0;78;34.0;61.0;9952.8;34.3;59;108.0;6
73;30.5;39;12.0;59;7.0;11.0;9933.1;32.9;52;115.0;6
93;38.0;48;38.0;132;3.0;11.0;9957.7;32.3;57;132.0;6
91;28.0;46;90.0;114;3.0;9.0;9990.1;31.8;60;109.0;6
100;46.0;44;29.0;65;4.0;8.0;9967.4;33.3;62;122.0;6
94;39.5;46;46.0;94;3.0;10.0;9963.9;32.7;64;122.0;7
73;30.5;39;12.0;59;7.0;11.0;9933.1;32.9;52;115.0;6
86;31.5;40;22.0;79;3.0;6.0;9951.2;32.7;67;119.0;6
53;71.5;19;15.0;161;7.0;62.0;9939.5;36.2;61;110.0;5
68;41.0;31;88.0;84;26.0;45.0;9982.4;33.8;64;101.0;6
84;36.0;32;22.0;81;32.0;79.0;9964.0;33.0;72;110.0;6
84;62.0;12;18.0;72;38.0;46.0;9950.4;33.8;89;118.0;6
96;41.0;37;23.0;91;10.0;23.0;9978.6;32.4;56;105.0;5
84;36.0;32;22.0;81;32.0;79.0;9964.0;33.0;72;110.0;6
84;62.0;12;18.0;72;38.0;46.0;9950.4;33.8;89;118.0;6
68;41.0;31;88.0;84;26.0;45.0;9982.4;33.8;64;101.0;6
86;47.0;27;23.0;55;14.0;28.0;9951.6;31.8;80;112.0;5
86;22.0;36;19.0;64;53.0;77.0;9960.4;34.7;87;110.0;7
94;24.0;33;23.0;61;52.0;73.0;9978.6;34.7;90;102.0;6
84;67.0;19;22.0;93;11.0;75.0;9973.6;32.0;59;92.0;4
86;47.0;27;23.0;55;14.0;28.0;9951.6;31.8;80;112.0;5
87;33.0;38;33.0;63;10.0;19.0;9946.8;33.0;73;120.0;7
66;61.0;1;19.0;80;8.0;25.0;9974.6;36.9;73;105.0;5
74;61.0;1;20.0;74;13.0;38.0;9974.8;34.8;65;98.0;5
76;40.0;29;19.0;78;29.0;66.0;9971.0;34.5;59;95.0;6
74;61.0;1;20.0;74;13.0;38.0;9974.8;34.8;65;98.0;5
66;61.0;1;19.0;80;8.0;25.0;9974.6;36.9;73;105.0;5
88;30.0;38;23.0;60;19.0;72.0;9954.3;33.9;72;118.0;6
88;30.0;38;23.0;60;19.0;72.0;9954.3;33.9;72;118.0;6
120;63.0;50;14.0;71;6.0;26.0;9979.1;30.7;60;104.0;4
72;38.0;38;28.0;68;23.0;42.0;9935.6;33.4;72;129.0;7
62;46.0;17;16.0;73;7.0;11.0;9942.5;36.1;54;114.0;5
96;33.0;52;22.0;74;13.0;25.0;9950.9;33.6;76;124.0;7
99;27.0;49;50.0;82;9.0;17.0;9948.4;31.9;52;125.0;7
101;43.0;40;26.0;92;13.0;52.0;9983.4;32.2;64;100.0;7
98;50.0;34;23.0;94;10.0;45.0;9986.4;32.4;60;97.0;7
83;30.0;49;38.0;90;11.0;24.0;9949.8;32.7;64;121.0;7
102;44.0;42;20.0;71;7.0;20.0;9956.6;31.4;79;111.0;7
102;44.0;58;41.0;92;11.0;24.0;9974.5;32.9;99;120.0;7
83;28.0;48;21.0;93;6.0;12.0;9940.8;32.6;62;124.0;7
89;12.0;45;18.0;75;10.0;21.0;9955.2;34.1;76;119.0;7
89;12.0;45;18.0;75;10.0;21.0;9955.2;34.1;76;119.0;7
89;12.0;45;18.0;75;10.0;21.0;9955.2;34.1;76;119.0;7
83;28.0;48;21.0;93;6.0;12.0;9940.8;32.6;62;124.0;7
82;31.0;40;22.0;58;6.0;10.0;9953.6;33.1;68;112.0;7
102;34.0;48;21.0;52;5.0;9.0;9945.8;32.0;69;121.0;7
76;43.0;40;27.0;82;6.0;11.0;9953.8;34.4;54;122.0;6
85;21.0;52;19.0;90;9.0;23.0;9964.8;33.6;67;104.0;5
90;36.0;52;21.0;111;5.0;10.0;9956.8;33.1;62;113.0;6
95;37.0;52;20.0;88;12.0;51.0;9961.3;32.9;58;111.0;6
64;57.0;12;23.0;120;25.0;36.0;9951.9;34.7;71;113.0;7
80;59.0;5;20.0;89;12.0;32.0;9973.5;33.6;61;100.0;5
85;47.0;27;19.0;58;18.0;38.0;9951.8;31.6;85;111.0;6
71;56.0;14;16.0;78;7.0;18.0;9959.2;32.7;62;93.0;5
66;57.0;2;21.0;115;6.0;16.0;9965.4;33.8;69;95.0;5
88;27.0;39;20.0;100;20.0;27.0;9954.6;31.5;69;112.0;6
85;47.0;27;19.0;58;18.0;38.0;9951.8;31.6;85;111.0;6
83;34.0;40;24.0;65;24.0;48.0;9955.4;33.4;86;110.0;6
90;38.0;41;24.0;103;6.0;10.0;9960.4;31.3;58;119.0;7
85;66.0;20;21.0;97;23.0;113.0;9973.3;31.3;48;92.0;5
90;40.0;43;24.0;68;29.0;46.0;9943.0;32.0;60;122.0;6
67;56.0;9;29.0;79;7.0;22.0;9966.9;34.6;61;102.0;5
104;26.0;48;19.0;66;6.0;10.0;9972.4;33.3;87;109.0;6
104;26.0;48;19.0;66;6.0;10.0;9972.4;33.3;87;109.0;6
101;38.0;50;24.0;104;6.0;13.0;9964.3;32.2;65;116.0;7
85;34.0;44;17.0;79;6.0;12.0;9960.5;35.2;63;107.0;5
88;33.0;41;59.0;73;7.0;13.0;9965.8;33.0;62;121.0;7
72;41.0;30;21.0;83;35.0;72.0;9970.0;34.4;52;94.0;5
72;41.0;30;21.0;83;35.0;72.0;9970.0;34.4;52;94.0;5
84;59.0;29;26.0;109;31.0;119.0;9980.1;31.5;50;91.0;5
70;40.0;32;36.0;61;9.0;29.0;9941.6;32.8;49;113.0;7
122;45.0;49;14.0;75;3.0;6.0;9969.0;31.3;63;104.0;5
91;50.0;30;19.0;65;8.0;17.0;9977.4;33.2;71;105.0;6
95;86.0;26;19.0;79;13.0;28.0;9971.2;32.5;62;100.0;5
73;52.0;32;21.0;70;51.0;70.0;9941.8;33.4;82;129.0;6
91;50.0;30;19.0;65;8.0;17.0;9977.4;33.2;71;105.0;6
122;45.0;49;14.0;75;3.0;6.0;9969.0;31.3;63;104.0;5
74;58.0;0;20.0;64;7.0;11.0;9956.2;34.5;58;113.0;6
98;34.0;39;14.0;66;3.0;7.0;9947.0;31.9;55;114.0;7
71;36.0;30;16.0;80;35.0;70.0;9969.3;34.4;50;94.0;5
77;39.0;12;17.0;97;19.0;27.0;9959.6;31.6;49;94.0;5
97;29.5;40;15.0;73;14.0;21.0;9955.6;31.4;51;109.0;6
77;39.0;12;17.0;97;19.0;27.0;9959.6;31.6;49;94.0;5
71;34.0;28;20.0;82;31.0;68.0;9969.4;34.5;48;94.0;5
65;40.0;10;20.0;76;30.0;47.0;9955.4;33.6;48;94.0;6
71;34.0;28;20.0;82;31.0;68.0;9969.4;34.5;48;94.0;5
100;35.0;45;25.0;92;20.0;88.0;9991.8;31.5;43;94.0;5
77;60.0;6;20.0;79;19.0;41.0;9969.7;33.9;62;101.0;6
56;66.0;0;22.0;87;3.0;11.0;9937.8;37.1;63;128.0;7
56;66.0;0;22.0;87;3.0;11.0;9937.8;37.1;63;128.0;7
89;84.0;34;14.0;50;4.0;10.0;9955.4;31.2;48;91.0;6
64;69.0;0;16.5;55;7.0;12.0;9916.2;34.7;53;129.0;6
75;43.0;30;22.0;62;6.0;12.0;9949.5;34.4;72;115.0;7
99;35.0;38;15.0;58;31.0;47.0;9967.6;32.6;82;106.0;7
91;29.0;33;20.5;63;13.0;27.0;9951.6;32.6;84;117.0;7
68;36.0;32;18.0;67;4.0;8.0;9928.0;33.6;55;128.0;7
82;43.0;29;16.0;81;27.0;45.0;9960.3;32.5;54;103.0;5
68;36.0;32;18.0;67;4.0;8.0;9928.0;33.6;55;128.0;7
91;29.0;33;20.5;63;13.0;27.0;9951.6;32.6;84;117.0;7
91;30.0;34;20.0;64;12.0;25.0;9951.6;32.6;84;117.0;7
89;35.0;40;36.0;110;12.0;24.0;9954.9;32.3;70;120.0;7
96;50.0;36;28.0;116;26.0;55.0;9972.2;31.8;68;109.0;5
89;28.0;45;17.0;67;7.0;12.0;9935.4;32.5;55;123.0;7
89;32.0;31;20.0;88;12.0;19.0;9957.0;31.7;55;104.0;6
77;100.5;15;21.0;102;11.0;32.0;9960.4;32.3;48;100.0;5
75;71.0;0;16.0;92;22.0;31.0;9963.5;33.8;58;100.0;6
80;58.0;16;20.0;120;3.0;7.0;9945.4;32.2;58;112.0;6
105;39.0;46;22.0;75;14.0;27.0;9959.8;30.6;84;114.0;6
89;38.0;40;22.0;68;12.0;28.0;9948.6;32.7;75;126.0;7
80;18.0;37;9.0;49;36.0;109.0;9900.7;28.9;44;127.0;6
80;18.0;37;9.0;49;36.0;109.0;9900.7;28.9;44;127.0;6
70;50.0;14;18.0;78;10.0;23.0;9963.6;35.3;61;104.0;5
113;36.0;66;24.0;123;3.0;8.0;9964.2;32.0;53;119.0;6
113;36.0;66;24.0;123;3.0;8.0;9964.2;32.0;53;119.0;6
70;51.0;9;21.0;62;4.0;9.0;9958.4;33.5;54;105.0;5
82;32.0;42;23.0;98;3.0;9.0;9950.6;32.7;55;123.0;6
77;58.0;1;18.0;88;12.0;18.0;9956.8;33.2;56;105.0;7
86;83.0;0;28.0;95;17.0;43.0;9982.2;33.3;60;104.0;6
79;31.0;32;19.0;66;14.0;36.0;9936.4;34.1;56;126.0;6
64;79.5;0;22.0;65;28.0;52.0;9937.8;34.9;52;116.0;5
72;34.0;21;25.0;75;41.0;68.0;9958.6;33.7;54;101.0;6
77;58.0;1;18.0;88;12.0;18.0;9956.8;33.2;56;105.0;7
71;59.0;0;21.0;91;9.0;14.0;9948.8;34.2;55;115.0;7
73;55.0;1;18.0;93;9.0;15.0;9951.4;33.5;58;110.0;7
81;82.0;0;41.0;95;5.0;14.0;9985.4;33.6;53;96.0;5
75;57.0;8;26.0;89;14.0;27.0;9959.2;33.0;59;104.0;6
89;74.5;18;25.0;77;15.0;48.0;9973.9;32.0;47;97.0;6
101;37.0;34;24.0;85;5.0;17.0;9968.3;31.7;65;106.0;7
76;31.0;34;25.0;82;26.0;35.0;9935.6;32.2;59;125.0;7
73;91.0;10;18.0;74;20.0;56.0;9967.2;33.5;56;92.0;5
87;41.0;41;62.0;78;25.0;42.0;9953.0;32.4;77;126.0;7
89;50.0;21;22.0;88;21.0;39.0;9969.2;33.3;83;111.0;6
74;96.5;0;22.0;88;16.0;32.0;9975.6;35.8;67;102.0;5
69;49.0;19;17.0;79;13.0;26.0;9954.7;33.8;64;98.0;6
89;50.0;21;22.0;88;21.0;39.0;9969.2;33.3;83;111.0;6
95;39.0;41;89.0;69;18.0;39.0;9985.9;32.9;81;109.0;7
64;39.0;33;33.0;46;12.0;53.0;9929.4;33.6;62;122.0;6
69;44.0;0;14.0;70;32.0;38.0;9943.8;33.2;58;114.0;6
76;78.0;0;17.0;76;33.0;45.0;9961.2;33.1;62;107.0;6
71;43.0;17;18.0;82;27.0;51.0;9963.4;34.9;64;104.0;5
93;49.0;36;17.0;81;3.0;14.0;9970.2;32.7;78;109.0;6
93;50.0;36;18.0;84;6.0;17.0;9970.4;32.7;77;108.0;6
71;43.0;17;18.0;82;27.0;51.0;9963.4;34.9;64;104.0;5
85;46.0;59;14.0;414;16.0;45.0;9970.2;30.3;134;92.0;5
56;60.5;5;24.0;73;19.0;25.0;9925.8;35.6;55;129.0;5
83;33.0;42;23.0;70;9.0;20.0;9942.6;33.8;77;127.0;7
82;64.0;27;20.0;95;5.0;77.0;9974.7;31.3;62;91.0;6
82;64.0;27;20.0;95;5.0;77.0;9974.7;31.3;62;91.0;6
89;48.0;53;40.0;101;3.0;10.0;9958.6;32.1;59;121.0;7
76;42.0;25;39.0;104;28.0;90.0;9978.4;31.5;57;91.0;5
99;53.0;57;24.0;93;30.0;52.0;9971.0;31.9;76;116.0;7
89;48.0;53;40.0;101;3.0;10.0;9958.6;32.1;59;121.0;7
116;23.0;57;18.0;74;3.0;8.0;9981.0;31.4;70;99.0;6
91;40.0;50;18.0;71;7.0;16.0;9946.2;32.1;69;125.0;8
80;38.0;44;19.0;98;6.0;15.0;9956.0;33.0;64;114.0;6
102;29.0;65;24.0;75;6.0;17.0;9956.5;32.2;63;118.0;6
82;74.0;9;20.0;67;5.0;10.0;9941.8;32.8;57;118.0;6
77;61.0;18;24.0;83;6.0;20.0;9963.0;32.9;60;102.0;6
66;52.0;8;24.0;70;13.0;26.0;9935.8;34.0;72;125.0;7
111;31.0;53;22.0;60;3.0;10.0;9957.2;30.2;83;109.0;7
111;31.0;53;22.0;60;3.0;10.0;9957.2;30.2;83;109.0;7
80;62.0;35;28.0;86;28.0;52.0;9970.0;33.1;62;108.0;5
93;33.0;45;15.0;57;19.0;37.0;9949.8;31.8;89;111.0;7
75;77.0;20;81.0;98;30.0;92.0;9989.2;32.0;58;92.0;5
72;35.0;26;18.0;83;33.0;75.0;9968.0;34.0;58;95.0;6
80;62.0;33;27.0;88;16.0;37.0;9972.0;33.1;58;107.0;6
75;77.0;20;81.0;98;30.0;92.0;9989.2;32.0;58;92.0;5
91;25.0;34;20.0;71;45.0;67.0;9976.9;34.4;86;102.0;7
99;32.0;56;20.0;73;3.0;8.0;9953.4;31.5;73;114.0;6
86;37.0;65;64.0;80;3.0;8.0;9981.7;32.7;58;110.0;5
86;37.0;65;64.0;80;3.0;8.0;9981.7;32.7;58;110.0;5
79;30.0;68;83.0;50;37.5;278.0;9931.6;30.1;51;123.0;7
103;27.0;56;14.0;47;3.0;8.0;9947.1;31.6;51;118.0;6
79;30.0;68;83.0;50;37.5;289.0;9931.6;30.1;51;123.0;7
72;38.0;30;18.0;73;31.0;70.0;9968.5;34.2;59;95.0;6
87;42.0;45;24.0;72;32.0;59.0;9961.7;33.3;77;120.0;6
72;38.0;30;18.0;73;31.0;70.0;9968.5;34.2;59;95.0;6
68;48.0;8;18.0;74;40.0;64.0;9952.9;31.2;49;96.0;5
85;34.0;40;47.0;55;3.0;9.0;9973.8;33.8;66;116.0;7
79;19.0;42;16.0;57;18.0;30.0;9940.0;32.9;69;112.0;6
116;41.0;54;15.0;95;22.0;41.0;9973.5;30.2;76;99.0;7
116;41.0;54;15.0;95;22.0;41.0;9973.5;30.2;76;99.0;7
100;26.0;54;19.0;83;42.0;74.0;9945.1;29.8;63;118.0;8
79;34.0;42;20.0;86;8.0;19.0;9954.6;33.5;60;114.0;6
70;54.0;9;20.0;81;10.0;16.0;9947.9;34.3;59;115.0;6
92;31.0;36;22.0;79;11.0;31.0;9961.5;33.3;86;120.0;7
66;72.5;9;55.0;117;9.0;17.0;9965.5;33.5;49;108.0;6
94;40.0;47;25.0;87;6.0;20.0;9977.2;31.5;50;105.0;5
66;72.5;9;55.0;117;9.0;17.0;9965.5;33.5;49;108.0;6
86;52.0;38;15.0;96;5.0;18.0;9966.6;32.0;52;94.0;5
80;31.0;45;21.0;216;5.0;16.0;9935.8;31.5;81;125.0;7
86;52.0;38;15.0;96;5.0;18.0;9966.6;32.0;52;94.0;5
84;34.0;42;21.0;72;23.0;36.0;9939.2;31.1;78;124.0;6
74;49.0;27;21.0;71;14.0;25.0;9938.8;33.5;63;120.0;6
61;48.0;9;17.0;78;18.0;30.0;9940.2;34.5;54;112.0;6
74;49.0;27;21.0;71;14.0;25.0;9938.8;33.5;63;120.0;6
80;48.0;34;22.0;73;16.0;25.0;9936.0;32.8;66;124.0;6
63;57.0;28;21.0;48;13.0;49.0;9937.4;34.1;60;128.0;5
82;23.0;42;19.0;69;9.0;17.0;9937.6;32.1;54;123.0;6
91;30.0;41;20.0;68;10.0;24.0;9952.3;32.7;85;117.0;7
81;78.0;10;33.0;90;4.0;13.0;9985.5;33.6;49;95.0;5
108;47.0;43;21.0;171;27.0;66.0;9982.0;31.7;76;108.0;6
83;53.0;0;14.0;70;6.0;14.0;9959.3;32.5;64;100.0;6
54;42.0;27;20.0;92;23.0;55.0;9947.1;37.8;64;123.0;7
79;33.0;41;15.0;56;6.0;35.0;9939.6;32.9;71;110.0;6
89;24.0;39;16.0;74;3.0;10.0;9969.8;31.2;59;95.0;6
50;40.0;50;43.0;46;29.0;80.0;9902.0;34.9;66;136.0;6
70;69.0;7;25.0;91;15.0;21.0;9957.2;33.8;60;113.0;6
70;69.0;7;25.0;91;15.0;21.0;9957.2;33.8;60;113.0;6
70;69.0;7;25.0;91;15.0;21.0;9957.2;33.8;60;113.0;6
71;39.0;12;21.0;65;14.0;24.0;9925.2;33.0;53;133.0;6
56;66.0;0;25.0;66;7.0;15.0;9925.6;35.2;58;129.0;5
79;54.0;34;25.0;76;8.0;17.0;9923.5;32.0;72;131.0;8
66;50.0;0;18.0;62;21.0;28.0;9935.2;34.4;55;123.0;6
63;47.0;0;14.0;55;27.0;33.0;9922.0;34.5;48;123.0;6
107;40.0;37;19.0;81;17.0;29.0;9967.4;31.2;65;112.0;6
65;58.0;0;22.0;96;3.0;13.0;9955.7;36.2;62;115.0;4
88;24.0;35;17.0;55;13.0;27.0;9939.4;31.4;59;113.0;7
58;29.0;26;17.0;63;3.0;11.0;9915.0;33.9;54;135.0;6
63;76.0;0;29.0;72;26.0;52.0;9937.9;35.1;60;115.0;6
100;43.0;33;27.0;95;28.0;89.0;9984.0;32.2;68;100.0;5
105;43.0;35;33.0;92;24.0;70.0;9979.8;32.1;69;105.0;6
91;60.0;0;19.0;58;5.0;10.0;9977.0;31.8;63;104.0;6
59;19.0;21;17.0;45;57.0;135.0;9934.1;33.2;44;95.0;5
74;36.0;34;18.0;75;18.0;38.0;9933.0;33.8;88;136.0;7
72;48.0;7;55.0;89;10.0;18.0;9968.4;33.7;68;112.0;7
85;28.0;35;17.0;61;6.0;15.0;9952.4;33.0;74;118.0;7
80;25.0;43;17.0;67;22.0;50.0;9946.0;33.8;60;119.0;6
104;52.0;45;20.0;80;6.0;13.0;9977.4;32.2;76;114.0;6
104;52.0;45;20.0;80;6.0;13.0;9977.4;32.2;76;114.0;6
75;41.0;15;37.0;104;29.0;94.0;9978.6;31.4;58;91.0;5
82;51.0;24;20.0;79;16.0;86.0;9976.4;33.4;64;95.0;6
73;40.0;30;17.0;80;33.0;79.0;9969.0;34.1;65;95.0;6
82;38.0;32;25.0;80;24.0;71.0;9962.4;32.7;85;110.0;6
69;45.0;11;24.0;43;6.0;12.0;9935.4;33.0;65;114.0;6
70;22.0;30;18.0;65;16.0;20.0;9967.2;36.1;82;100.0;6
73;32.0;23;23.0;66;35.0;70.0;9958.8;34.3;62;101.0;5
82;20.0;43;25.0;76;31.0;51.0;9967.2;35.3;81;104.0;6
78;50.0;12;18.0;178;6.0;21.0;9960.0;32.8;87;98.0;6
100;41.0;45;62.0;71;6.0;14.0;9970.2;32.1;49;118.0;7
78;39.0;42;20.0;86;9.0;21.0;9952.6;33.9;66;116.0;6
100;35.0;47;20.0;61;6.0;11.0;9958.5;32.3;52;120.0;6
82;33.0;32;28.0;67;4.0;12.0;9947.3;33.0;76;128.0;7
61;58.0;23;25.0;44;16.0;70.0;9935.2;34.6;65;125.0;6
83;60.0;25;22.0;118;9.0;38.0;9961.6;31.5;53;98.0;5
96;42.0;35;21.0;83;17.0;38.0;9962.2;32.3;66;111.0;6
66;58.0;0;22.0;100;50.0;63.0;9954.4;35.9;68;114.0;6
83;60.0;25;22.0;118;9.0;38.0;9961.6;31.5;53;98.0;5
85;18.0;51;17.5;71;45.0;88.0;9952.4;33.3;76;118.0;7
51;51.0;18;21.0;42;16.0;101.0;9924.0;34.6;87;129.0;7
67;41.0;43;28.0;76;22.0;54.0;9957.2;34.2;116;106.0;6
102;41.0;43;22.0;110;11.0;37.0;9972.8;31.6;67;108.0;5
106;36.0;57;23.0;87;6.0;20.0;9967.6;31.4;72;111.0;7
88;45.0;43;14.0;76;12.0;21.0;9955.1;32.1;75;102.0;6
85;32.0;42;23.0;75;12.0;19.0;9943.4;31.4;71;118.0;7
90;78.5;24;17.0;78;10.0;21.0;9969.2;32.9;67;100.0;5
90;78.5;24;17.0;78;10.0;21.0;9969.2;32.9;67;100.0;5
85;44.0;50;19.0;369;15.0;38.0;9963.4;30.1;110;94.0;5
99;54.0;26;20.0;111;7.0;60.0;9970.9;29.4;98;102.0;5
82;33.0;39;25.0;74;29.0;48.0;9952.8;33.2;88;124.0;7
65;34.0;27;28.0;67;8.0;44.0;9938.4;32.1;56;120.0;6
76;50.0;29;23.0;86;5.0;14.0;9950.2;33.2;62;115.0;6
92;36.0;34;16.0;62;5.0;12.0;9966.7;32.0;67;105.0;6
71;59.0;0;22.0;78;26.0;44.0;9952.2;34.2;68;108.0;6
97;42.0;46;21.0;74;5.0;16.0;9964.9;32.7;74;123.0;6
76;36.0;31;17.0;79;26.0;65.0;9971.6;34.6;62;95.0;6
76;36.0;31;17.0;79;26.0;65.0;9971.6;34.6;62;95.0;6
65;61.0;0;22.0;95;48.0;59.0;9954.1;36.1;70;115.0;6
65;88.0;3;56.0;79;23.0;47.0;9957.2;35.8;50;112.0;4
71;66.0;0;24.0;52;6.0;11.0;9931.8;33.5;66;127.0;7
56;91.5;0;21.0;41;17.0;78.0;9934.6;36.8;73;114.0;5
82;35.0;33;24.0;76;11.0;47.0;9959.9;32.7;81;110.0;6
82;35.0;33;24.0;76;11.0;47.0;9959.9;32.7;81;110.0;6
98;39.0;43;16.5;68;5.0;11.0;9947.8;31.9;46;114.0;5
102;40.0;40;25.0;68;41.0;54.0;9975.4;33.8;86;105.0;6
68;66.0;7;16.0;70;16.0;61.0;9957.2;32.9;60;93.0;5
67;64.0;23;21.0;80;11.0;119.0;9953.8;33.6;70;109.0;5
70;43.0;30;20.0;85;6.0;39.0;9934.6;33.3;46;119.0;6
66;80.0;3;78.0;79;6.0;12.0;9963.0;35.2;50;122.0;5
70;43.0;30;20.0;85;6.0;39.0;9934.6;33.3;46;119.0;6
67;64.0;23;21.0;80;11.0;119.0;9953.8;33.6;70;109.0;5
88;95.5;5;18.0;75;5.0;19.0;9961.6;33.0;44;96.0;4
91;40.0;57;46.0;80;6.0;20.0;9965.2;32.8;57;125.0;6
65;88.5;0;23.0;166;6.0;12.0;9955.1;35.6;51;108.0;5
72;25.0;37;25.0;63;11.0;41.0;9943.9;35.2;80;124.0;7
64;88.5;0;23.0;166;6.0;12.0;9955.1;35.6;51;108.0;5
70;74.5;12;18.0;114;15.0;64.0;9958.8;32.2;59;95.0;6
62;43.0;22;18.0;78;21.0;56.0;9963.3;35.2;60;95.0;6
79;58.0;23;23.0;76;23.0;94.0;9968.6;32.1;58;95.0;6
77;57.0;21;15.0;69;4.0;9.0;9945.8;31.6;54;98.0;6
77;26.0;26;20.0;52;19.0;77.0;9951.0;31.5;79;109.0;6
79;58.0;23;23.0;76;23.0;94.0;9968.6;32.1;58;95.0;6
77;57.0;21;15.0;69;4.0;9.0;9945.8;31.6;54;98.0;6
79;34.0;36;19.0;65;5.0;10.0;9941.9;32.7;54;112.0;7
86;42.0;39;18.0;68;6.0;12.0;9951.6;33.5;69;117.0;8
99;74.0;19;58.0;111;33.0;76.0;9987.8;31.4;55;94.0;5
72;36.0;46;21.0;74;24.0;44.0;9953.4;34.0;85;110.0;7
72;36.0;46;21.0;74;24.0;44.0;9953.4;34.0;85;110.0;7
72;36.0;46;21.0;74;24.0;44.0;9953.4;34.0;85;110.0;7
99;72.0;55;17.0;136;24.0;52.0;9975.2;33.5;94;100.0;5
72;36.0;46;21.0;74;24.0;44.0;9953.4;34.0;85;110.0;7
62;39.0;43;20.0;71;14.0;24.0;9942.8;34.5;87;112.0;7
68;65.0;2;21.0;78;8.0;15.0;9949.8;33.5;62;104.0;6
66;44.0;15;21.0;76;22.0;53.0;9957.0;33.2;62;93.0;5
68;65.0;2;21.0;78;8.0;15.0;9949.8;33.5;62;104.0;6
96;38.0;42;19.0;71;5.0;13.0;9965.9;31.5;75;105.0;6
102;33.0;46;19.0;81;6.0;9.0;9962.8;31.0;48;104.0;6
88;27.0;46;21.0;95;20.0;29.0;9948.8;32.6;56;113.0;6
79;57.0;31;20.0;79;10.0;79.0;9967.7;32.9;69;95.0;6
82;34.0;37;19.0;57;43.0;74.0;9940.8;32.3;81;120.0;6
82;40.0;31;19.0;82;8.0;24.0;9960.0;32.4;69;106.0;6
90;39.0;40;13.0;44;25.0;50.0;9947.8;32.0;83;109.0;6
109;32.0;52;18.0;132;17.0;44.0;9973.4;32.8;77;115.0;6
109;32.0;52;18.0;132;17.0;44.0;9973.4;32.8;77;115.0;6
81;53.0;22;22.0;78;33.0;89.0;9967.8;32.6;46;96.0;6
105;36.0;47;22.0;74;9.0;23.0;9963.8;32.3;76;120.0;6
126;39.0;49;25.0;80;8.0;20.0;9992.0;30.7;82;103.0;6
92;46.0;23;26.0;91;18.0;77.0;9992.2;31.5;51;94.0;5
75;58.0;3;41.0;80;27.0;46.0;9959.2;30.2;47;92.0;5
90;58.0;25;20.0;104;8.0;21.0;9976.9;32.7;72;96.0;5
51;42.0;0;18.0;44;18.0;88.0;9915.7;36.8;73;136.0;7
76;43.0;29;21.0;75;19.0;66.0;9971.8;34.0;64;95.0;5
77;18.0;34;27.0;66;15.0;58.0;9947.0;33.7;78;118.0;6
78;81.5;1;26.0;74;48.0;90.0;9962.1;33.8;62;108.0;5
76;43.0;29;21.0;75;19.0;66.0;9971.8;34.0;64;95.0;5
102;23.0;37;22.0;57;14.0;36.0;9961.4;32.3;49;93.0;4
71;75.0;1;22.0;59;11.0;18.0;9924.2;33.9;40;128.0;6
60;33.0;32;129.0;54;6.0;113.0;9957.2;33.0;56;115.0;4
78;55.0;0;17.0;70;7.0;17.0;9965.9;32.6;64;94.0;6
71;75.0;1;22.0;59;11.0;18.0;9924.2;33.9;40;128.0;6
81;73.0;0;25.0;81;12.0;24.0;9979.8;33.8;46;96.0;4
65;67.0;0;43.0;57;11.0;20.0;9948.8;34.5;56;118.0;4
75;61.0;20;17.0;76;36.0;60.0;9949.4;31.0;40;93.0;5
98;37.0;39;25.0;79;28.0;65.0;9972.9;31.6;59;98.0;5
90;40.0;41;20.0;58;15.0;40.0;9941.4;32.2;60;122.0;6
83;56.0;22;24.0;82;10.0;86.0;9983.0;33.7;62;95.0;5
59;29.0;25;134.0;67;72.0;160.0;9972.1;33.3;54;103.0;6
74;55.0;19;18.0;82;15.0;34.0;9965.5;34.9;68;105.0;5
74;74.0;7;17.0;86;15.0;48.0;9950.2;31.2;48;100.0;5
74;55.0;19;18.0;82;15.0;34.0;9965.5;34.9;68;105.0;5
69;41.0;33;22.0;81;22.0;36.0;9949.0;34.1;75;111.0;6
71;60.0;1;23.0;79;24.0;37.0;9951.4;34.0;61;109.0;6
71;60.0;1;23.0;79;24.0;37.0;9951.4;34.0;61;109.0;6
75;58.0;14;22.0;77;27.0;60.0;9963.0;32.8;59;98.0;5
71;72.0;0;18.0;123;6.0;14.0;9962.7;34.5;58;98.0;5
79;66.0;0;14.0;96;6.0;13.0;9956.9;34.3;58;95.0;5
78;70.0;6;19.0;79;20.0;35.0;9962.8;34.0;69;109.0;5
61;64.0;2;24.0;69;26.0;46.0;9935.8;34.7;45;110.0;5
75;59.0;22;18.0;82;43.0;60.0;9949.9;31.0;42;92.0;5
70;58.0;28;48.0;85;12.0;69.0;9963.3;33.2;70;110.0;6
68;64.0;0;27.0;123;15.0;33.0;9953.8;34.4;63;113.0;6
68;64.0;0;27.0;123;15.0;33.0;9953.8;34.4;63;113.0;6
86;63.5;68;18.0;403;19.0;56.0;9963.2;30.2;115;93.0;5
63;102.0;0;20.0;83;17.0;24.0;9943.7;35.9;55;112.0;4
98;45.0;38;25.0;81;34.0;66.0;9972.6;31.5;58;98.0;5
82;78.0;0;22.0;89;13.0;26.0;9978.0;33.7;46;96.0;4
85;37.0;32;18.0;66;26.0;51.0;9945.6;33.8;72;118.0;6
72;57.0;5;23.0;81;16.0;36.0;9956.4;33.8;60;103.0;6
72;57.0;5;23.0;81;16.0;36.0;9956.4;33.8;60;103.0;6
104;43.0;50;23.0;68;13.0;19.0;9960.0;31.0;87;114.0;6
69;41.0;31;20.0;79;21.0;51.0;9966.8;34.7;55;95.0;6
55;49.0;3;18.0;44;28.0;87.0;9908.0;35.0;82;140.0;8
50;38.0;1;16.0;48;26.0;60.0;9908.4;37.0;75;140.0;6
73;44.0;20;16.0;49;24.0;64.0;9935.0;33.8;57;117.0;6
59;46.0;0;19.0;77;25.0;44.0;9938.5;35.0;53;112.0;5
75;58.0;20;20.0;73;34.0;44.0;9949.4;31.0;43;93.0;5
78;58.0;13;21.0;102;17.0;36.0;9944.0;32.4;53;112.0;6
80;71.5;22;23.0;75;13.0;81.0;9968.8;32.4;54;95.0;6
85;40.0;40;63.0;50;3.0;10.0;9956.6;32.8;56;120.0;4
70;69.0;0;19.0;114;3.0;10.0;9963.6;33.5;60;97.0;6
80;71.5;22;23.0;75;13.0;81.0;9968.8;32.4;54;95.0;6
98;30.0;39;17.0;62;3.0;9.0;9948.0;31.4;57;115.0;7
71;46.0;20;19.0;77;28.0;54.0;9956.0;33.7;64;104.0;6
71;46.0;20;19.0;77;28.0;54.0;9956.0;33.7;64;104.0;6
79;76.5;0;20.0;84;9.0;22.0;9961.9;33.3;68;109.0;6
87;63.0;28;27.0;96;17.0;69.0;9973.4;32.6;63;102.0;6
70;42.0;19;23.0;71;18.0;36.0;9947.6;33.9;56;109.0;5
113;37.0;50;18.0;90;20.0;47.0;9973.4;31.5;57;105.0;5
71;16.0;44;25.0;68;17.0;31.0;9932.8;33.5;54;124.0;6
80;60.0;8;26.0;56;3.0;7.0;9928.6;32.2;37;130.0;5
70;60.0;30;45.0;68;20.0;110.0;9991.4;33.0;117;102.0;5
70;60.0;30;45.0;68;20.0;110.0;9991.4;33.0;117;102.0;5
76;74.0;0;19.0;100;6.0;12.0;9952.1;33.6;59;110.0;5
82;63.5;10;21.0;73;25.0;60.0;9963.8;32.9;75;109.0;6
59;39.5;13;24.0;56;14.0;28.0;9936.2;36.2;67;124.0;6
75;75.5;0;19.0;84;6.0;12.0;9967.2;33.4;49;97.0;4
82;63.5;10;21.0;73;25.0;60.0;9963.8;32.9;75;109.0;6
66;63.0;0;43.0;93;51.0;77.5;9955.8;32.0;45;95.0;5
66;63.0;0;43.0;93;51.0;77.5;9955.8;32.0;45;95.0;5
72;53.0;14;21.0;64;15.0;29.0;9932.3;33.5;61;121.0;6
57;60.0;0;14.0;63;11.0;18.0;9919.1;34.5;56;122.0;6
76;158.0;0;21.0;137;5.0;9.0;9947.6;35.0;40;109.0;3
52;64.5;0;21.5;80;15.0;28.0;9944.4;37.8;61;125.0;6
67;86.0;7;20.0;100;20.0;57.0;9959.8;36.0;74;117.0;6
91;37.0;32;21.0;64;4.0;15.0;9957.6;33.0;80;112.0;6
80;28.0;44;18.0;81;28.0;68.0;9950.1;33.6;66;112.0;5
76;79.0;21;23.0;87;21.0;68.0;9955.0;31.2;44;92.0;5
75;61.0;26;19.0;73;24.0;88.0;9961.2;33.0;53;98.0;5
97;69.0;32;25.0;88;22.0;91.0;9979.0;32.9;62;101.0;5
68;68.0;9;39.0;68;15.0;29.0;9952.4;34.1;52;111.0;4
97;69.0;32;25.0;88;22.0;91.0;9979.0;32.9;62;101.0;5
70;62.0;10;14.0;71;27.0;63.0;9960.0;32.8;61;92.0;5
75;61.0;26;19.0;73;24.0;88.0;9961.2;33.0;53;98.0;5
65;51.0;15;30.0;64;12.0;27.0;9929.0;33.3;59;128.0;6
80;118.0;21;19.0;83;14.0;41.0;9953.2;33.4;47;105.0;5
70;36.0;21;23.0;86;20.0;65.0;9955.8;34.0;54;101.0;6
70;36.0;21;24.0;86;24.0;69.0;9955.6;34.0;53;101.0;6
75;63.0;27;20.0;83;17.0;91.0;9961.6;32.6;58;98.0;6
54;74.0;0;12.0;41;16.0;46.0;9925.8;40.1;59;125.0;6
99;44.0;46;22.0;91;10.0;41.0;9963.8;31.8;69;119.0;6
75;63.0;27;20.0;83;17.0;91.0;9961.6;32.6;58;98.0;6
91;76.0;68;17.0;414;18.0;64.0;9965.2;29.0;133;91.0;6
97;66.0;34;26.0;94;12.0;88.0;9979.6;32.6;66;101.0;5
50;74.0;0;12.0;41;16.0;46.0;9925.8;40.1;59;125.0;6
91;34.0;42;18.0;58;9.0;18.0;9939.2;31.8;55;114.0;5
91;36.0;39;18.0;60;21.0;55.0;9949.5;31.8;82;110.0;7
67;46.0;24;17.0;77;18.0;34.0;9948.0;33.9;60;106.0;6
67;46.0;24;17.0;77;18.0;34.0;9948.0;33.9;60;106.0;6
67;46.0;24;17.0;77;18.0;34.0;9948.0;33.9;60;106.0;6
67;46.0;24;17.0;77;18.0;34.0;9948.0;33.9;60;106.0;6
65;52.0;11;18.0;73;13.0;38.0;9955.0;33.4;52;93.0;5
74;60.0;26;21.0;83;17.0;91.0;9961.6;32.9;56;98.0;6
74;60.0;26;21.0;83;17.0;91.0;9961.6;32.9;56;98.0;6
78;87.0;26;38.0;107;31.0;67.0;9966.8;32.6;46;92.0;5
84;39.0;10;17.0;75;6.0;25.0;9958.1;30.9;43;97.0;6
91;77.5;22;22.0;79;12.0;48.0;9976.0;31.8;51;96.0;5
72;83.5;0;20.0;166;4.0;11.0;9960.8;33.9;52;100.0;5
66;58.0;2;24.0;69;19.0;40.0;9938.7;33.8;66;126.0;6
60;50.0;0;14.0;57;15.0;26.0;9944.8;33.6;45;95.0;5
60;50.0;0;14.0;57;15.0;26.0;9944.8;33.6;45;95.0;5
60;50.0;0;14.0;57;15.0;26.0;9944.8;33.6;45;95.0;5
75;51.0;2;17.0;84;13.0;31.0;9953.8;33.6;54;105.0;6
75;51.0;2;17.0;84;13.0;31.0;9953.8;33.6;54;105.0;6
75;51.0;2;17.0;84;13.0;31.0;9953.8;33.6;54;105.0;6
76;54.0;2;17.0;85;17.0;31.0;9958.9;33.7;51;104.0;6
75;51.0;2;17.0;84;13.0;31.0;9953.8;33.6;54;105.0;6
115;42.0;48;26.0;77;8.0;20.0;9985.2;30.9;53;110.0;5
82;44.0;24;23.0;63;10.0;28.0;9961.3;32.5;53;102.0;6
61;59.0;1;21.0;56;5.0;13.0;9947.2;35.2;56;114.0;5
72;65.5;3;18.0;78;7.0;12.0;9958.7;33.4;39;95.0;5
72;65.5;3;18.0;78;7.0;12.0;9958.7;33.4;39;95.0;5
69;57.0;0;28.0;81;21.0;41.0;9951.8;34.1;52;108.0;5
90;60.0;29;20.0;69;32.0;73.0;9965.4;33.4;57;100.0;5
72;62.0;1;23.0;65;8.0;46.0;9933.2;33.2;51;118.0;6
76;64.5;3;19.0;86;14.0;57.0;9969.0;33.7;46;103.0;5
76;64.5;3;19.0;86;14.0;57.0;9969.0;33.7;46;103.0;5
72;58.0;3;23.0;77;7.0;28.0;9956.8;33.5;52;100.0;5
61;32.0;25;18.0;86;5.0;32.0;9946.4;33.6;44;101.0;5
61;34.0;25;18.0;84;4.0;28.0;9946.4;33.6;44;101.0;5
73;43.0;24;25.0;78;27.0;67.0;9964.8;36.0;59;111.0;6
74;64.0;17;54.0;168;52.0;98.0;9973.6;32.8;50;95.0;5
116;47.5;40;14.0;91;6.0;28.0;9970.4;30.7;65;100.3;6
92;54.0;31;23.0;112;11.0;38.0;9969.9;32.4;56;109.0;5
83;85.0;14;25.0;93;13.0;54.0;9972.4;33.6;54;101.0;5
116;47.5;40;14.0;91;6.0;28.0;9970.4;30.7;65;100.3;6
80;83.0;27;20.0;80;11.0;63.0;9965.2;32.9;48;98.0;4
72;60.5;2;19.0;96;10.0;31.0;9950.0;34.6;53;118.0;6
78;50.0;9;22.0;115;10.0;42.0;9971.0;31.8;62;95.0;5
73;74.0;8;17.0;94;10.0;45.0;9957.6;32.4;50;98.0;5
69;54.0;30;22.0;88;9.0;105.0;9972.5;32.5;118;105.0;6
80;77.0;32;21.0;79;16.0;74.0;9965.6;32.7;50;98.0;6
66;61.0;0;16.0;69;4.0;8.0;9939.6;33.3;37;104.0;4
87;78.0;51;17.0;415;12.0;66.0;9962.3;30.0;117;92.0;5
75;58.0;56;31.0;153;5.0;14.0;9947.6;32.1;103;116.0;6
87;78.0;51;17.0;415;12.0;66.0;9962.3;30.0;117;92.0;5
77;75.0;27;38.0;110;34.0;89.0;9966.4;32.4;45;93.0;5
68;81.5;0;12.0;267;16.0;29.0;9947.1;33.2;51;98.0;3
72;56.0;26;20.0;83;13.0;100.0;9958.6;32.6;52;99.0;5
82;88.5;20;14.0;86;7.0;31.0;9946.0;31.1;46;100.0;5
52;49.0;26;23.0;90;23.0;74.0;9953.0;37.1;62;122.0;6
72;45.0;15;20.0;78;10.0;28.0;9960.9;32.9;51;99.0;6
75;57.0;2;26.0;77;11.0;35.0;9955.7;33.6;62;108.0;6
75;57.0;2;26.0;77;11.0;35.0;9955.7;33.6;62;108.0;6
68;83.0;9;18.0;74;4.0;25.0;9953.4;33.8;45;96.0;5
80;60.0;22;21.0;80;25.0;105.0;9961.3;33.0;49;99.0;5
80;60.0;22;21.0;80;25.0;105.0;9961.3;33.0;49;99.0;5
71;75.5;15;18.0;107;20.0;84.0;9959.3;31.9;50;95.0;5
80;81.0;25;34.0;76;34.0;85.0;9966.8;31.9;42;92.0;5
74;64.0;7;18.0;100;8.0;23.0;9961.0;33.0;58;96.0;5
74;64.0;7;18.0;100;8.0;23.0;9961.0;33.0;58;96.0;5
66;64.0;31;61.0;83;7.0;49.0;9971.8;33.5;68;103.0;5
67;48.0;2;22.0;80;36.0;111.0;9952.4;31.0;53;97.0;5
60;49.0;0;23.0;68;15.0;33.0;9929.2;35.8;59;125.0;6
80;64.0;22;24.0;94;5.0;33.0;9961.2;33.7;58;110.0;5
71;62.0;6;13.0;70;5.0;12.0;9942.0;31.7;48;98.0;5
80;52.0;25;20.0;78;19.0;59.0;9961.2;33.0;48;102.0;5
64;57.0;14;39.0;70;27.0;73.0;9966.9;33.2;48;92.0;5
86;68.5;10;16.0;92;3.0;12.0;9974.5;33.1;65;95.5;6
87;67.5;10;16.0;90;4.0;11.0;9974.5;33.1;65;95.5;5
73;59.0;26;20.0;80;17.0;104.0;9958.4;32.8;52;99.0;5
70;60.0;12;22.0;83;13.0;28.0;9966.0;35.2;62;102.0;7
72;67.0;0;22.0;68;10.0;24.0;9956.0;34.2;72;111.0;6
79;69.0;21;21.0;80;33.0;141.0;9962.0;32.5;51;99.0;5
79;69.0;21;21.0;80;33.0;141.0;9962.0;32.5;51;99.0;5
76;30.0;42;20.0;52;6.0;24.0;9963.0;34.4;82;119.0;6
72;33.0;33;17.0;61;3.0;13.0;9960.0;32.3;110;100.0;8
80;50.0;39;26.0;82;12.0;46.0;9985.0;34.3;62;107.0;6
77;28.0;30;20.0;62;18.0;34.0;9952.0;32.8;90;113.0;7
82;24.0;34;51.0;62;8.0;22.0;9974.0;32.2;94;109.0;6
60;51.0;0;21.0;64;40.0;54.0;9950.0;35.4;93;107.0;6
81;29.0;36;22.0;48;35.0;53.0;9950.0;32.7;101;124.0;7
60;51.0;0;21.0;64;40.0;54.0;9950.0;35.4;93;107.0;6
66;96.0;0;18.0;82;5.0;16.0;9936.0;35.0;44;119.0;6
64;47.0;40;24.0;71;8.0;19.0;9963.0;35.6;73;106.0;6
82;24.0;34;51.0;62;8.0;22.0;9974.0;32.2;94;109.0;6
99;57.0;25;20.0;104;12.0;89.0;9963.0;30.4;90;101.0;5
100;32.0;59;22.0;77;3.0;15.0;9994.0;32.0;78;96.0;5
62;58.0;0;16.0;65;8.0;18.0;9966.0;35.6;84;94.0;5
100;32.0;59;22.0;77;3.0;15.0;9994.0;32.0;78;96.0;5
73;34.0;33;25.0;64;21.0;37.0;9952.0;33.5;77;121.0;7
78;53.0;1;16.0;77;3.0;19.0;9950.0;31.6;46;98.0;5
77;64.0;21;22.0;77;32.0;133.0;9956.0;32.7;45;99.0;5
78;53.0;1;16.0;77;3.0;19.0;9950.0;31.6;46;98.0;5
75;40.0;18;16.0;79;24.0;58.0;9965.0;33.4;58;94.0;5
70;54.0;0;21.0;79;39.0;55.0;9956.0;33.9;84;114.0;6
64;53.0;9;39.0;123;14.0;31.0;9968.0;35.0;67;110.0;4
83;26.0;37;14.0;76;8.0;23.0;9974.0;32.6;70;96.0;6
83;26.0;37;14.0;76;8.0;23.0;9974.0;32.6;70;96.0;6
77;23.0;37;18.0;46;23.0;60.0;9971.0;34.1;71;121.0;6
76;41.0;33;25.0;78;6.0;23.0;9957.0;33.0;58;112.0;5
78;64.0;0;19.0;72;27.0;55.0;9962.0;33.1;63;110.0;5
79;18.0;40;22.0;49;38.0;67.0;9960.0;33.3;93;113.0;5
74;41.0;24;18.0;66;18.0;47.0;9956.0;33.7;62;104.0;5
76;43.0;31;21.0;69;13.0;74.0;9958.0;32.6;54;99.0;6
59;44.0;0;16.0;42;3.0;11.0;9944.0;34.8;85;117.0;6
61;40.0;16;18.0;69;11.0;25.0;9955.0;34.2;74;101.0;7
102;54.0;37;154.0;214;55.0;95.0;10036.9;31.8;77;90.0;6
102;54.0;37;154.0;214;55.0;95.0;10036.9;31.8;77;90.0;6
100;38.0;38;16.0;169;27.0;90.0;9991.4;31.5;65;85.0;5
68;91.5;29;48.0;70;15.0;39.0;9957.7;35.3;54;111.0;5
70;59.0;0;17.0;52;3.0;8.0;9960.0;34.1;47;103.0;5
73;67.0;2;22.0;72;31.0;92.0;9956.6;33.2;68;110.7;6
72;37.0;32;20.0;62;15.0;28.0;9947.0;32.3;73;113.0;7
74;78.5;19;52.0;94;19.0;98.0;9971.3;31.6;52;95.7;6
69;63.0;2;19.0;78;18.0;30.0;9971.2;34.0;75;98.0;5
69;58.0;20;17.5;58;8.0;22.0;9932.2;33.8;49;117.0;5
73;67.0;2;22.0;72;31.0;92.0;9956.6;33.2;68;111.0;6
74;78.5;19;52.0;94;19.0;98.0;9971.3;31.6;52;96.0;6
69;63.0;2;19.0;78;18.0;30.0;9971.2;34.0;75;98.0;5
68;67.0;0;19.0;80;22.0;39.0;9970.1;34.0;74;97.0;5
69;58.0;1;19.0;80;40.0;54.0;9968.3;34.0;73;97.0;5
72;38.0;31;20.0;56;15.0;29.0;9947.2;32.3;76;113.0;8
72;37.0;32;20.0;62;15.0;28.0;9947.0;32.3;73;113.0;7
78;32.0;44;27.0;104;8.0;17.0;9973.2;33.3;78;110.0;7
66;58.0;2;20.0;62;37.0;53.0;9937.4;33.5;76;116.0;7
76;49.0;33;19.0;74;27.0;85.0;9970.6;34.1;58;90.0;5
117;45.0;63;22.0;73;7.0;23.0;9997.4;32.1;69;109.0;6
65;90.0;0;16.0;52;9.0;17.0;9946.7;35.0;63;109.0;6
60;54.0;6;18.0;50;38.0;89.0;9923.6;33.0;50;105.5;6
76;49.0;33;19.0;74;27.0;85.0;9970.6;34.1;58;90.0;5
84;29.0;40;17.0;67;8.0;20.0;9960.3;33.9;60;105.0;5
79;20.0;35;17.0;54;7.0;15.0;9945.8;33.2;80;119.0;7
64;42.0;9;23.0;54;34.0;64.0;9972.4;34.1;68;104.0;6
62;78.5;0;21.0;60;6.0;13.0;9966.4;35.9;61;100.0;4
68;64.0;3;23.0;75;14.0;31.0;9954.5;33.6;58;104.0;6
69;63.0;1;24.0;76;14.0;39.0;9952.2;33.4;53;108.0;6
68;59.0;10;17.0;63;34.0;53.0;9958.0;34.1;67;97.0;5
68;59.0;10;17.0;63;34.0;53.0;9958.0;34.1;67;97.0;5
73;48.0;32;21.0;62;31.0;54.0;9972.8;33.0;65;100.0;7
67;104.0;8;23.0;67;19.0;32.0;9964.8;35.2;57;110.0;4
73;48.0;32;21.0;62;31.0;54.0;9972.8;33.0;65;100.0;7
73;98.0;5;21.0;61;20.0;49.0;9970.5;33.1;55;97.0;3
100;69.0;11;14.0;84;8.0;24.0;9957.8;28.8;47;97.0;5
67;70.0;8;37.5;67;8.0;16.0;9933.4;34.3;52;126.0;5
76;35.0;60;26.0;73;23.0;44.0;9965.6;33.8;79;111.0;6
61;60.0;8;18.0;71;14.0;45.0;9933.6;33.8;54;110.0;5
99;50.0;50;138.0;205;48.0;82.0;10024.2;31.6;75;88.0;5
53;47.0;11;22.0;48;16.0;89.0;9918.2;35.4;88;135.7;7
99;50.0;50;138.0;205;48.0;82.0;10024.2;31.6;75;88.0;5
53;47.0;11;22.0;48;16.0;89.0;9918.2;35.4;88;136.0;7
71;87.5;5;57.0;82;3.0;14.0;9980.8;34.0;52;102.0;3
82;28.0;60;30.0;104;10.0;22.0;9982.8;33.9;68;106.0;5
56;62.0;3;15.0;80;6.0;13.0;9949.8;36.6;62;101.0;4
82;28.0;60;30.0;104;10.0;22.0;9982.8;33.9;68;106.0;5
72;58.0;54;21.0;114;3.0;9.0;9971.9;33.3;57;103.0;4
81;33.0;44;15.0;42;6.0;12.0;9954.2;33.5;61;107.0;5
68;91.0;6;20.0;60;4.0;11.0;9959.2;35.3;64;109.0;4
70;65.5;16;21.0;74;8.0;25.0;9960.6;33.7;55;97.0;5
68;68.0;21;21.0;70;9.0;23.0;9954.6;33.8;60;103.0;5
60;64.0;5;19.0;66;9.0;17.0;9949.6;35.2;78;106.0;5
56;54.0;4;17.0;49;5.0;13.0;9942.0;37.2;58;114.0;5
62;57.0;10;21.0;48;4.0;11.0;9944.8;34.4;76;108.0;6
71;22.0;49;18.0;39;8.0;18.0;9934.4;33.9;56;124.0;6
56;54.0;4;17.0;49;5.0;13.0;9942.0;37.2;58;114.0;5
62;65.0;6;16.0;50;6.0;18.0;9934.8;35.7;54;119.5;5
77;54.0;26;19.0;89;23.0;147.0;9963.6;32.6;59;97.0;5
64;31.0;9;14.0;66;15.0;28.0;9945.9;34.2;70;100.0;7
70;43.0;2;19.0;80;15.0;28.0;9949.2;33.5;81;106.0;6
77;54.0;26;19.0;89;23.0;147.0;9963.6;32.6;59;97.0;5
69;74.0;3;23.0;54;7.0;16.0;9950.8;34.5;63;115.0;6
66;89.5;4;23.0;68;7.0;13.0;9958.2;35.3;58;108.0;6
69;74.0;3;23.0;54;7.0;16.0;9950.8;34.5;63;115.0;6
75;72.5;4;15.0;76;8.0;15.0;9950.8;32.6;53;96.0;5
78;82.0;29;43.0;83;21.0;64.0;9964.2;31.6;53;94.0;5
73;58.5;18;24.0;78;15.0;60.0;9963.8;33.1;54;98.0;5
62;44.0;39;25.0;77;6.0;14.0;9955.5;35.1;69;110.0;6
75;38.0;57;23.0;106;5.0;12.0;9960.5;33.6;55;114.0;6
67;76.0;2;18.0;78;6.0;12.0;9960.0;35.5;63;99.5;3
68;81.0;5;20.0;70;6.0;14.0;9956.2;35.1;66;108.0;6
75;38.0;57;23.0;106;5.0;12.0;9960.5;33.6;55;114.0;6
71;27.0;60;21.0;74;17.0;25.0;9981.4;33.8;72;106.0;6
79;18.0;40;18.0;62;7.0;20.0;9941.0;32.8;70;111.0;5
64;36.0;21;22.0;47;26.0;48.0;9966.1;34.7;77;97.0;6
71;69.0;4;21.0;68;19.0;27.0;9971.2;34.4;67;98.0;5
64;79.0;4;22.0;61;11.0;17.0;9958.8;35.3;65;104.0;6
64;56.0;15;18.0;78;17.0;65.0;9929.4;33.3;60;105.0;6
69;84.0;21;41.0;74;16.0;65.0;9984.2;35.3;72;92.3;6
69;84.0;21;41.0;74;16.0;65.0;9984.2;35.3;72;92.5;6
61;32.0;25;23.0;71;23.0;58.0;9963.3;34.2;97;106.0;5
65;53.0;6;20.0;63;29.0;44.0;9948.9;33.8;83;103.0;6
74;47.0;46;22.0;114;7.0;20.0;9964.7;33.2;63;105.0;5
66;70.0;8;26.0;106;14.0;27.0;9966.5;34.4;58;102.0;5
65;53.0;6;20.0;63;29.0;44.0;9948.9;33.8;83;103.0;6
69;48.0;20;19.0;82;9.0;23.0;9958.5;33.9;43;90.5;4
61;32.0;25;23.0;71;23.0;58.0;9963.3;34.2;97;106.0;5
68;48.0;25;20.0;76;29.0;61.0;9953.0;33.4;60;104.0;5
60;42.0;19;20.0;75;22.0;47.0;9952.2;33.9;78;100.0;6
67;48.0;8;21.0;64;18.0;34.0;9955.2;33.3;64;97.0;5
68;47.0;8;22.0;64;18.0;38.0;9955.3;33.0;65;96.0;6
71;53.0;7;17.0;71;15.0;24.0;9951.0;32.9;66;108.0;6
79;29.0;49;22.0;96;21.0;59.0;9971.4;33.1;67;101.0;6
71;69.0;8;21.0;63;42.0;52.0;9960.8;34.2;60;102.0;6
66;44.0;9;22.0;63;9.0;18.0;9944.4;34.2;69;113.0;6
61;70.5;10;28.0;81;13.0;28.0;9963.1;36.0;66;102.0;5
72;53.0;13;20.0;58;18.0;22.0;9957.3;32.1;68;99.0;6
80;39.0;30;19.0;74;32.0;84.0;9971.7;33.9;61;90.0;5
66;56.0;14;24.0;64;13.0;29.0;9939.7;34.2;62;117.0;7
70;55.0;13;22.0;75;15.0;35.0;9959.0;33.6;59;97.0;6
61;53.0;8;19.0;77;24.0;45.0;9952.8;36.0;68;103.0;6
54;58.0;8;19.0;59;20.0;31.0;9948.4;35.0;64;102.0;6
62;64.0;9;25.0;81;15.0;26.0;9953.8;35.7;63;120.0;5
72;39.0;32;18.0;65;34.0;60.0;9971.4;34.6;78;99.0;5
62;52.0;8;44.0;71;11.0;32.0;9964.6;35.6;63;116.0;6
74;25.0;29;22.0;54;19.0;49.0;9966.6;34.0;76;109.0;7
67;85.5;2;19.0;64;29.0;38.0;9947.2;33.0;56;107.5;6
111;44.0;42;22.0;64;14.0;19.0;9975.8;32.5;57;104.0;6
84;37.0;43;23.0;63;12.0;19.0;9955.0;31.7;81;112.0;7
65;63.0;33;18.0;59;16.0;28.0;9953.1;33.6;64;101.0;6
70;57.0;2;20.0;72;17.0;26.0;9957.5;33.6;61;102.0;5
63;60.0;10;16.0;48;12.0;26.0;9930.6;35.5;51;121.0;5
112;40.0;50;20.0;99;19.0;50.0;9978.3;31.0;58;104.0;5
74;36.0;30;18.0;74;17.0;24.0;9941.9;32.4;70;114.0;8
71;68.0;0;23.0;87;17.0;26.0;9978.3;34.5;53;95.0;5
71;67.0;0;23.0;83;18.0;27.0;9976.8;34.4;54;94.0;5
63;68.0;1;37.0;103;32.0;54.0;9958.6;35.1;66;113.0;6
73;73.5;0;22.0;80;18.0;28.0;9976.5;34.1;60;94.0;5
66;85.5;2;24.0;62;15.0;23.0;9962.7;35.4;60;110.0;6
70;56.0;17;17.0;65;15.0;24.0;9951.4;34.4;68;105.5;7
66;88.0;4;22.0;66;12.0;20.0;9963.6;35.3;56;99.0;5
66;85.5;2;24.0;62;15.0;23.0;9962.7;35.4;60;110.0;6
69;63.0;33;67.0;235;66.0;115.0;9978.7;32.2;56;95.0;5
78;60.0;26;20.0;80;31.0;131.0;9962.2;32.1;52;99.0;5
78;60.0;26;20.0;80;31.0;131.0;9962.2;32.1;52;99.0;5
78;60.0;26;20.0;80;31.0;131.0;9962.2;32.1;52;99.0;5
72;69.5;13;20.0;76;12.0;20.0;9954.6;32.9;54;101.0;5
72;69.5;13;20.0;76;12.0;20.0;9954.6;32.9;54;101.0;5
72;69.5;13;20.0;76;12.0;20.0;9954.6;32.9;54;101.0;5
67;67.0;2;19.0;61;26.0;42.0;9948.9;33.9;82;109.0;6
67;16.0;64;21.0;59;24.0;52.0;9949.4;33.4;71;112.0;6
72;69.5;13;20.0;76;12.0;20.0;9954.6;32.9;54;101.0;5
70;56.0;13;16.0;77;25.0;42.0;9962.9;33.4;59;92.0;5
62;51.0;14;19.0;56;15.0;34.0;9939.6;34.8;57;115.0;6
64;36.0;53;22.0;230;19.0;35.0;9934.0;33.7;93;124.0;6
64;38.0;14;22.0;38;15.0;25.0;9951.4;34.4;65;111.0;6
73;69.0;32;22.0;69;35.0;104.0;9963.2;33.3;51;95.0;5
60;58.0;20;24.0;75;15.0;50.0;9946.7;35.8;67;125.0;6
56;31.0;78;139.0;74;23.0;92.0;9967.7;33.9;48;105.0;6
75;52.0;40;22.0;60;12.0;20.0;9947.4;32.6;64;118.0;6
80;30.0;63;16.0;81;16.0;29.0;9958.8;33.0;78;108.0;6
62;70.0;15;51.0;76;13.0;27.0;9962.2;35.4;60;119.0;6
68;67.0;15;18.0;118;13.0;20.0;9954.0;34.2;67;113.0;6
62;56.0;9;17.0;53;24.0;32.0;9940.2;35.4;60;113.0;5
74;35.0;33;24.0;68;9.0;26.0;9947.0;33.6;60;119.0;6
62;56.0;9;17.0;53;24.0;32.0;9940.2;35.4;60;113.0;5
61;71.5;10;26.0;53;13.0;27.0;9936.2;35.7;50;119.0;5
62;46.0;29;21.0;74;32.0;98.0;9957.8;33.3;62;98.0;5
67;32.0;44;24.0;61;24.0;34.0;9948.4;32.9;80;116.0;7
72;39.0;44;26.0;66;22.0;48.0;9949.4;33.0;84;115.0;6
75;31.0;41;24.0;65;34.0;60.0;9949.2;33.4;85;114.0;6
58;61.0;11;18.0;66;18.0;28.0;9948.3;35.5;66;109.0;6
72;66.0;33;25.0;68;34.0;102.0;9941.4;32.7;78;128.0;6
66;72.5;20;78.0;73;29.0;79.0;9977.0;32.9;54;92.0;5
63;55.0;15;18.0;77;26.0;35.0;9931.4;33.2;82;116.0;6
54;74.0;9;17.0;89;16.0;26.0;9940.2;36.7;56;116.0;6
63;51.0;13;23.0;76;29.0;40.0;9957.4;34.2;75;110.0;6
68;62.0;8;19.0;68;28.0;38.0;9965.1;34.2;82;95.0;6
62;60.0;8;20.0;90;32.0;44.0;9949.0;34.5;58;105.0;5
59;55.0;10;22.0;62;39.0;51.0;9951.2;35.2;76;112.0;6
63;51.0;13;23.0;76;29.0;40.0;9957.4;34.2;75;110.0;6
59;64.5;12;20.0;75;32.0;44.0;9954.7;35.7;71;102.0;5
60;31.0;47;36.0;67;18.0;42.0;9954.9;33.9;66;110.0;6
